{
    "Mn-X/BCC": {
        "fixed_total_magnetizations_mu_B/cell": [
            0.71114,
            0.74114,
            0.77114,
            0.80114,
            0.83114,
            0.86114,
            0.89114,
            0.92114,
            0.95114
        ]
    },
    "Fe-X/BCC": {
        "fixed_total_magnetizations_mu_B/cell": [
            2.044215,
            2.074215,
            2.104215,
            2.134215,
            2.164215,
            2.194215,
            2.224215,
            2.254215,
            2.284215
        ]
    },
    "Co-X/BCC": {
        "fixed_total_magnetizations_mu_B/cell": [
            1.636805,
            1.666805,
            1.696805,
            1.726805,
            1.756805,
            1.786805,
            1.816805,
            1.846805,
            1.876805
        ]
    },
    "Ni-X/BCC": {
        "fixed_total_magnetizations_mu_B/cell": [
            0.439775,
            0.469775,
            0.499775,
            0.529775,
            0.559775,
            0.589775,
            0.619775,
            0.649775,
            0.679775
        ]
    },
    "Rh-X/BCC": {
        "fixed_total_magnetizations_mu_B/cell": [
            0.308615,
            0.338615,
            0.368615,
            0.398615,
            0.428615,
            0.458615,
            0.488615,
            0.518615,
            0.548615
        ]
    },
    "Ir-X/BCC": {
        "fixed_total_magnetizations_mu_B/cell": [
            0.404005,
            0.434005,
            0.464005,
            0.494005,
            0.524005,
            0.554005,
            0.584005,
            0.614005,
            0.644005
        ]
    },
    "O-X/BCC": {
        "fixed_total_magnetizations_mu_B/cell": [
            1.85,
            1.88,
            1.91,
            1.94,
            1.97
        ]
    },
    "F-X/BCC": {
        "fixed_total_magnetizations_mu_B/cell": [
            0.85,
            0.88,
            0.91,
            0.94,
            0.97
        ]
    },
    "Cl-X/BCC": {
        "fixed_total_magnetizations_mu_B/cell": [
            0.782375,
            0.812375,
            0.842375,
            0.872375,
            0.902375,
            0.932375,
            0.962375,
            0.992375
        ]
    },
    "Fe-X/FCC": {
        "fixed_total_magnetizations_mu_B/cell": [
            0.882215,
            0.912215,
            0.942215,
            0.972215,
            1.002215,
            1.032215,
            1.062215,
            1.092215,
            1.122215
        ]
    },
    "Co-X/FCC": {
        "fixed_total_magnetizations_mu_B/cell": [
            1.533695,
            1.563695,
            1.593695,
            1.623695,
            1.653695,
            1.683695,
            1.713695,
            1.743695,
            1.773695
        ]
    },
    "Ni-X/FCC": {
        "fixed_total_magnetizations_mu_B/cell": [
            0.516835,
            0.546835,
            0.576835,
            0.606835,
            0.636835,
            0.666835,
            0.696835,
            0.726835,
            0.756835
        ]
    },
    "Pd-X/FCC": {
        "fixed_total_magnetizations_mu_B/cell": [
            -0.022535,
            0.007465,
            0.037465,
            0.067465,
            0.097465,
            0.127465,
            0.157465,
            0.187465,
            0.217465
        ]
    },
    "O-X/FCC": {
        "fixed_total_magnetizations_mu_B/cell": [
            1.85,
            1.88,
            1.91,
            1.94,
            1.97
        ]
    },
    "F-X/FCC": {
        "fixed_total_magnetizations_mu_B/cell": [
            0.85,
            0.88,
            0.91,
            0.94,
            0.97
        ]
    },
    "Cl-X/FCC": {
        "fixed_total_magnetizations_mu_B/cell": [
            0.7815,
            0.8115,
            0.8415,
            0.8715,
            0.9015,
            0.9315,
            0.9615,
            0.9915
        ]
    },
    "Sc-X/SC": {
        "fixed_total_magnetizations_mu_B/cell": [
            0.703505,
            0.733505,
            0.763505,
            0.793505,
            0.823505,
            0.853505,
            0.883505,
            0.913505,
            0.943505
        ]
    },
    "Mn-X/SC": {
        "fixed_total_magnetizations_mu_B/cell": [
            0.27029,
            0.30029,
            0.33029,
            0.36029,
            0.39029,
            0.42029,
            0.45029,
            0.48029,
            0.51029
        ]
    },
    "Fe-X/SC": {
        "fixed_total_magnetizations_mu_B/cell": [
            2.284285,
            2.314285,
            2.344285,
            2.374285,
            2.404285,
            2.434285,
            2.464285,
            2.494285,
            2.524285
        ]
    },
    "Co-X/SC": {
        "fixed_total_magnetizations_mu_B/cell": [
            1.7601,
            1.7901,
            1.8201,
            1.8501,
            1.8801,
            1.9101,
            1.9401,
            1.9701,
            2.0001
        ]
    },
    "Ni-X/SC": {
        "fixed_total_magnetizations_mu_B/cell": [
            0.45052,
            0.48052,
            0.51052,
            0.54052,
            0.57052,
            0.60052,
            0.63052,
            0.66052,
            0.69052
        ]
    },
    "Y-X/SC": {
        "fixed_total_magnetizations_mu_B/cell": [
            0.608645,
            0.638645,
            0.668645,
            0.698645,
            0.728645,
            0.758645,
            0.788645,
            0.818645,
            0.848645
        ]
    },
    "F-X/SC": {
        "fixed_total_magnetizations_mu_B/cell": [
            0.85,
            0.88,
            0.91,
            0.94,
            0.97
        ]
    },
    "Sc-X/Diamond": {
        "fixed_total_magnetizations_mu_B/cell": [
            2.218585,
            2.278585,
            2.338585,
            2.398585,
            2.458585,
            2.518585,
            2.578585,
            2.638585,
            2.698585
        ]
    },
    "Ti-X/Diamond": {
        "fixed_total_magnetizations_mu_B/cell": [
            4.31234,
            4.37234,
            4.43234,
            4.49234,
            4.55234,
            4.61234,
            4.67234,
            4.73234,
            4.79234
        ]
    },
    "V-X/Diamond": {
        "fixed_total_magnetizations_mu_B/cell": [
            3.52912,
            3.58912,
            3.64912,
            3.70912,
            3.76912,
            3.82912,
            3.88912,
            3.94912,
            4.00912
        ]
    },
    "Co-X/Diamond": {
        "fixed_total_magnetizations_mu_B/cell": [
            3.220725,
            3.280725,
            3.340725,
            3.400725,
            3.460725,
            3.520725,
            3.580725,
            3.640725,
            3.700725
        ]
    },
    "Ni-X/Diamond": {
        "fixed_total_magnetizations_mu_B/cell": [
            1.35549,
            1.41549,
            1.47549,
            1.53549,
            1.59549,
            1.65549,
            1.71549,
            1.77549,
            1.83549
        ]
    },
    "Zr-X/Diamond": {
        "fixed_total_magnetizations_mu_B/cell": [
            1.03648,
            1.09648,
            1.15648,
            1.21648,
            1.27648,
            1.33648,
            1.39648,
            1.45648,
            1.51648
        ]
    },
    "Pd-X/Diamond": {
        "fixed_total_magnetizations_mu_B/cell": [
            0.67149,
            0.73149,
            0.79149,
            0.85149,
            0.91149,
            0.97149,
            1.03149,
            1.09149,
            1.15149
        ]
    },