{
    "La-X/BCC": {
        "fixed_total_magnetizations_mu_B/cell": [
            0.231225,
            0.261225,
            0.291225,
            0.321225,
            0.351225,
            0.381225,
            0.411225,
            0.441225,
            0.471225
        ]
    },
    "Gd-X/BCC": {
        "fixed_total_magnetizations_mu_B/cell": [
            7.508965,
            7.538965,
            7.568965,
            7.598965,
            7.628965,
            7.658965,
            7.688965,
            7.718965,
            7.748965
        ]
    },
    "Tb-X/BCC": {
        "fixed_total_magnetizations_mu_B/cell": [
            5.765325,
            5.795325,
            5.825325,
            5.855325,
            5.885325,
            5.915325,
            5.945325,
            5.975325,
            6.005325
        ]
    },
    "Dy-X/BCC": {
        "fixed_total_magnetizations_mu_B/cell": [
            4.31965,
            4.34965,
            4.37965,
            4.40965,
            4.43965,
            4.46965,
            4.49965,
            4.52965,
            4.55965
        ]
    },
    "Ho-X/BCC": {
        "fixed_total_magnetizations_mu_B/cell": [
            3.1691,
            3.1991,
            3.2291,
            3.2591,
            3.2891,
            3.3191,
            3.3491,
            3.3791,
            3.4091
        ]
    },
    "Er-X/BCC": {
        "fixed_total_magnetizations_mu_B/cell": [
            2.071055,
            2.101055,
            2.131055,
            2.161055,
            2.191055,
            2.221055,
            2.251055,
            2.281055,
            2.311055
        ]
    },
    "Tm-X/BCC": {
        "fixed_total_magnetizations_mu_B/cell": [
            0.982565,
            1.012565,
            1.042565,
            1.072565,
            1.102565,
            1.132565,
            1.162565,
            1.192565,
            1.222565
        ]
    },
    "Ac-X/BCC": {
        "fixed_total_magnetizations_mu_B/cell": [
            0.23973,
            0.26973,
            0.29973,
            0.32973,
            0.35973,
            0.38973,
            0.41973,
            0.44973,
            0.47973
        ]
    },
    "Es-X/BCC": {
        "fixed_total_magnetizations_mu_B/cell": [
            2.873015,
            2.903015,
            2.933015,
            2.963015,
            2.993015,
            3.023015,
            3.053015,
            3.083015,
            3.113015
        ]
    },
    "Fm-X/BCC": {
        "fixed_total_magnetizations_mu_B/cell": [
            1.61177,
            1.64177,
            1.67177,
            1.70177,
            1.73177,
            1.76177,
            1.79177,
            1.82177,
            1.85177
        ]
    },
    "Md-X/BCC": {
        "fixed_total_magnetizations_mu_B/cell": [
            0.338485,
            0.368485,
            0.398485,
            0.428485,
            0.458485,
            0.488485,
            0.518485,
            0.548485,
            0.578485
        ]
    },
    "Pr-X/FCC": {
        "fixed_total_magnetizations_mu_B/cell": [
            2.427775,
            2.457775,
            2.487775,
            2.517775,
            2.547775,
            2.577775,
            2.607775,
            2.637775,
            2.667775
        ]
    },
    "Gd-X/FCC": {
        "fixed_total_magnetizations_mu_B/cell": [
            7.302125,
            7.332125,
            7.362125,
            7.392125,
            7.422125,
            7.452125,
            7.482125,
            7.512125,
            7.542125
        ]
    },
    "Tb-X/FCC": {
        "fixed_total_magnetizations_mu_B/cell": [
            5.830035,
            5.860035,
            5.890035,
            5.920035,
            5.950035,
            5.980035,
            6.010035,
            6.040035,
            6.070035
        ]
    },
    "Dy-X/FCC": {
        "fixed_total_magnetizations_mu_B/cell": [
            4.619495,
            4.649495,
            4.679495,
            4.709495,
            4.739495,
            4.769495,
            4.799495,
            4.829495,
            4.859495
        ]
    },
    "Ho-X/FCC": {
        "fixed_total_magnetizations_mu_B/cell": [
            3.21572,
            3.24572,
            3.27572,
            3.30572,
            3.33572,
            3.36572,
            3.39572,
            3.42572,
            3.45572
        ]
    },
    "Er-X/FCC": {
        "fixed_total_magnetizations_mu_B/cell": [
            1.991565,
            2.021565,
            2.051565,
            2.081565,
            2.111565,
            2.141565,
            2.171565,
            2.201565,
            2.231565
        ]
    },
    "Tm-X/FCC": {
        "fixed_total_magnetizations_mu_B/cell": [
            0.91094,
            0.94094,
            0.97094,
            1.00094,
            1.03094,
            1.06094,
            1.09094,
            1.12094,
            1.15094
        ]
    },
    "U-X/FCC": {
        "fixed_total_magnetizations_mu_B/cell": [
            0.84398,
            0.87398,
            0.90398,
            0.93398,
            0.96398,
            0.99398,
            1.02398,
            1.05398,
            1.08398
        ]
    },
    "Np-X/FCC": {
        "fixed_total_magnetizations_mu_B/cell": [
            2.679325,
            2.709325,
            2.739325,
            2.769325,
            2.799325,
            2.829325,
            2.859325,
            2.889325,
            2.919325
        ]
    },
    "Cf-X/FCC": {
        "fixed_total_magnetizations_mu_B/cell": [
            4.02235,
            4.05235,
            4.08235,
            4.11235,
            4.14235,
            4.17235,
            4.20235,
            4.23235,
            4.26235
        ]
    },
    "Es-X/FCC": {
        "fixed_total_magnetizations_mu_B/cell": [
            2.7672,
            2.7972,
            2.8272,
            2.8572,
            2.8872,
            2.9172,
            2.9472,
            2.9772,
            3.0072
        ]
    },
    "Fm-X/FCC": {
        "fixed_total_magnetizations_mu_B/cell": [
            1.5339,
            1.5639,
            1.5939,
            1.6239,
            1.6539,
            1.6839,
            1.7139,
            1.7439,
            1.7739
        ]
    },
    "Md-X/FCC": {
        "fixed_total_magnetizations_mu_B/cell": [
            0.35011,
            0.38011,
            0.41011,
            0.44011,
            0.47011,
            0.50011,
            0.53011,
            0.56011,
            0.59011
        ]
    },
    "Tb-X/SC": {
        "fixed_total_magnetizations_mu_B/cell": [
            6.041,
            6.071,
            6.101,
            6.131,
            6.161,
            6.191,
            6.221,
            6.251,
            6.281
        ]
    },
    "Dy-X/SC": {
        "fixed_total_magnetizations_mu_B/cell": [
            4.458715,
            4.488715,
            4.518715,
            4.548715,
            4.578715,
            4.608715,
            4.638715,
            4.668715,
            4.698715
        ]
    },
    "Ho-X/SC": {
        "fixed_total_magnetizations_mu_B/cell": [
            3.50371,
            3.53371,
            3.56371,
            3.59371,
            3.62371,
            3.65371,
            3.68371,
            3.71371,
            3.74371
        ]
    },
    "Er-X/SC": {
        "fixed_total_magnetizations_mu_B/cell": [
            2.17559,
            2.20559,
            2.23559,
            2.26559,
            2.29559,
            2.32559,
            2.35559,
            2.38559,
            2.41559
        ]
    },