{
    "X2O": {
        "Bk": 47.044183478635354,
        "Cf": 48.79826231309139,
        "Es": 51.19241680000274,
        "Fm": 54.10623904821163,
        "Lr": 62.61817826086679,
        "Md": 57.60411719320871,
        "No": 64.54461606913621
    },
    "X2O3": {
        "Bk": 145.08511414132178,
        "Cf": 146.03248300086588,
        "Es": 147.60577152756545,
        "Fm": 150.679441453249,
        "Lr": 156.7819704969869,
        "Md": 155.67510352439868,
        "No": 162.37492380007473
    },
    "X2O5": {
        "Bk": 150.1237736707657,
        "Cf": 151.41451732203635,
        "Es": 153.65631254235933,
        "Fm": 157.16115032848407,
        "Lr": 167.4430679071085,
        "Md": 162.3004802354522,
        "No": 169.0742297018579
    },
    "XO": {
        "Bk": 27.223636922816976,
        "Cf": 27.834324139129137,
        "Es": 28.59220705006253,
        "Fm": 29.476709395668095,
        "Lr": 29.535650446295936,
        "Md": 30.369452187238725,
        "No": 31.556911385617042
    },
    "XO2": {
        "Bk": 36.51239318301756,
        "Cf": 36.67446495691734,
        "Es": 37.16065813276777,
        "Fm": 37.8969537966671,
        "Lr": 40.45635355292849,
        "Md": 38.980513696349405,
        "No": 40.54803748593324
    },
    "XO3": {
        "Bk": 67.19462449164592,
        "Cf": 67.75028278502465,
        "Es": 69.05498912502573,
        "Fm": 71.18852840814726,
        "Lr": 84.20950281160135,
        "Md": 74.47026762303192,
        "No": 79.15853142848529
    }
}