{
    "X2O": {
        "Ac": 80.39637305472624,
        "Ag": 48.384537346368276,
        "Al": 46.20984917555011,
        "Am": 45.41541601627159,
        "Ar": 113.32949392970167,
        "As": 47.81491238808525,
        "At": 77.80559911209545,
        "Au": 49.44228742563392,
        "B": 30.02954016412241,
        "Ba": 79.80533040029282,
        "Be": 26.83653268734747,
        "Bi": 69.26622190569412,
        "Br": 61.627183080548576,
        "C": 28.55082908436917,
        "Ca": 56.094682559851975,
        "Cd": 53.083172696484695,
        "Ce": 56.09745969517917,
        "Cl": 54.5521447262752,
        "Cm": 45.85949972211479,
        "Co": 29.835433617316696,
        "Cr": 30.440972536344404,
        "Cs": 96.47951771554114,
        "Cu": 34.539596244149664,
        "Dy": 51.787002049824665,
        "Er": 53.8049344945163,
        "Eu": 49.99782541542636,
        "F": 30.962091653893133,
        "Fe": 29.393923914073003,
        "Fr": 106.69692599779557,
        "Ga": 53.04848561920306,
        "Gd": 50.445105253581744,
        "Ge": 49.67077884452648,
        "H": 11.964633686705024,
        "He": 92.12726733906212,
        "Hf": 48.64474476321895,
        "Hg": 56.104348720305936,
        "Ho": 52.71344185861571,
        "I": 72.20498792122477,
        "In": 65.89697538854752,
        "Ir": 40.36402767029547,
        "K": 68.00111029170341,
        "Kr": 118.9406088667889,
        "La": 65.16399364390955,
        "Li": 24.722026132039396,
        "Lu": 54.06304747131053,
        "Mg": 44.83726124766258,
        "Mn": 29.56956609429266,
        "Mo": 39.7189141615338,
        "N": 26.670621979627125,
        "Na": 43.71874553388571,
        "Nb": 43.28803675184231,
        "Nd": 50.555195497898026,
        "Ne": 95.78890185320728,
        "Ni": 31.63921806409013,
        "Np": 47.246442041587024,
        "O": 27.11224819395599,
        "Os": 39.5761212042443,
        "P": 40.0140894327115,
        "Pa": 56.29059117108365,
        "Pb": 70.32680086877798,
        "Pd": 42.2105554425506,
        "Pm": 49.83014434693132,
        "Po": 70.3580194743962,
        "Pr": 52.30442943059808,
        "Pt": 43.220130176767015,
        "Pu": 45.85350598126201,
        "Ra": 93.80195939897797,
        "Rb": 81.07466938870326,
        "Re": 40.194750944423745,
        "Rh": 38.861987969016994,
        "Rn": 136.67664251803666,
        "Ru": 37.88282848125194,
        "S": 42.691701625838476,
        "Sb": 61.56830904214437,
        "Sc": 43.11860314441281,
        "Se": 49.9174369642434,
        "Si": 42.690260293261716,
        "Sm": 49.72505334201908,
        "Sn": 63.454028679534275,
        "Sr": 70.15512421909094,
        "Ta": 45.02289801521058,
        "Tb": 51.030939038210505,
        "Tc": 38.3627198686452,
        "Te": 62.89377627850495,
        "Th": 68.79223832671946,
        "Ti": 36.31629583354412,
        "Tl": 72.24320580174825,
        "Tm": 55.14429574267355,
        "U": 50.132997123943596,
        "V": 32.71378028184597,
        "W": 41.786086838710006,
        "Xe": 137.22108841200662,
        "Y": 56.026642284788785,
        "Yb": 57.46052068133051,
        "Zn": 40.67075247011292,
        "Zr": 48.0858951987028
    },
    "X2O3": {
        "Ac": 203.31705263625344,
        "Ag": 131.2769263028721,
        "Al": 98.47655383593604,
        "Am": 144.59832805849635,
        "Ar": 206.40957031728988,
        "As": 130.601432305218,
        "At": 177.5476970609754,
        "Au": 134.267285395178,
        "B": 71.96649878874977,
        "Ba": 233.70024191821312,
        "Be": 77.58522984578741,
        "Bi": 174.95091697133319,
        "Br": 147.33343385882006,
        "C": 84.53208693178266,
        "Ca": 159.87198635972322,
        "Cd": 146.50227221504417,
        "Ce": 164.25992866686124,
        "Cl": 135.25282006740446,
        "Cm": 144.58490198190168,
        "Co": 90.6140635342714,
        "Cr": 96.547464661808,
        "Cs": 283.3856330846398,
        "Cu": 103.80327264915161,
        "Dy": 148.54945773335527,
        "Er": 147.36638376525195,
        "Eu": 152.30922791097925,
        "F": 112.63702851485712,
        "Fe": 90.86090852774299,
        "Fr": 262.15980961077787,
        "Ga": 110.99173847095267,
        "Gd": 150.99475928200533,
        "Ge": 121.20274232053434,
        "H": 61.83978959468934,
        "He": 94.25712585064821,
        "Hf": 128.37187356970333,
        "Hg": 152.65423513826448,
        "Ho": 147.76020292430715,
        "I": 167.7254552681653,
        "In": 140.37652672890192,
        "Ir": 111.07952402696156,
        "K": 227.59184352806045,
        "Kr": 194.3385219515166,
        "La": 182.53972407689957,
        "Li": 89.5472411372813,
        "Lu": 144.44034261621266,
        "Mg": 113.543298632035,
        "Mn": 92.91936694852834,
        "Mo": 113.52222769967987,
        "N": 91.34079065102308,
        "Na": 141.69767353049184,
        "Nb": 120.1569726926606,
        "Nd": 157.26922168653277,
        "Ne": 163.89002992204084,
        "Ni": 95.99295662654052,
        "Np": 147.25339728440713,
        "O": 95.74489272152918,
        "Os": 109.42203562414838,
        "P": 112.86281478238939,
        "Pa": 157.61499877743495,
        "Pb": 172.6897324182171,
        "Pd": 118.03383357199559,
        "Pm": 155.19831129613866,
        "Po": 169.31096832797346,
        "Pr": 159.9920889632732,
        "Pt": 121.24188327145296,
        "Pu": 145.35217914296263,
        "Ra": 253.11277715207774,
        "Rb": 269.0466093808412,
        "Re": 110.68968560762539,
        "Rh": 108.83863360504175,
        "Rn": 203.14111109223754,
        "Ru": 107.28010007950064,
        "S": 117.25493364644859,
        "Sb": 157.38080449229687,
        "Sc": 124.4333606497396,
        "Se": 132.2867486242458,
        "Si": 97.64437029767157,
        "Sm": 153.55934871710872,
        "Sn": 144.99708048189126,
        "Sr": 195.29634835891972,
        "Ta": 119.93092800852418,
        "Tb": 149.6774897612962,
        "Tc": 109.20686188353125,
        "Te": 157.4355521853238,
        "Th": 174.95775756549318,
        "Ti": 108.52061414141542,
        "Tl": 159.37412820044517,
        "Tm": 147.36774640323011,
        "U": 150.81007322774795,
        "V": 101.56140408931876,
        "W": 114.26911301227526,
        "Xe": 197.88248002726561,
        "Y": 152.51848487615214,
        "Yb": 147.82631144693528,
        "Zn": 113.26388333493486,
        "Zr": 130.27974648831474
    },
    "X2O5": {
        "Ac": 207.7645144573801,
        "Ag": 149.90293815801493,
        "Al": 126.14149843034514,
        "Am": 148.54551246451948,
        "Ar": 185.39464278827597,
        "As": 144.05987949190478,
        "At": 169.11593782820512,
        "Au": 150.34218884596245,
        "B": 108.7463376274012,
        "Ba": 227.0889867371956,
        "Be": 114.6434147856784,
        "Bi": 178.00033558967002,
        "Br": 155.96465609764198,
        "C": 117.2199024729886,
        "Ca": 168.84812969784753,
        "Cd": 161.2445699626228,
        "Ce": 168.08904086639654,
        "Cl": 150.3321186070431,
        "Cm": 149.17902626307944,
        "Co": 117.89950793982123,
        "Cr": 116.2551412135974,
        "Cs": 244.23878081345163,
        "Cu": 128.48316452192307,
        "Dy": 155.3358454867282,
        "Er": 156.0161744549407,
        "Eu": 156.7476807665975,
        "F": 121.56925701180683,
        "Fe": 116.00543545175259,
        "Fr": 229.93116204859652,
        "Ga": 135.67758202074563,
        "Gd": 156.1388531232354,
        "Ge": 139.5198278400827,
        "H": 103.34402166299742,
        "He": 112.79324019893255,
        "Hf": 142.6672745595795,
        "Hg": 166.53038658103588,
        "Ho": 155.4857242208119,
        "I": 162.99641151647174,
        "In": 156.84037287707866,
        "Ir": 130.9761612213957,
        "K": 198.78244896965856,
        "Kr": 192.38047564586998,
        "La": 189.97053027368082,
        "Li": 123.68747346785048,
        "Lu": 157.88633302115846,
        "Mg": 138.89599147861855,