{
    "X2O": {
        "Ac": 6.851181654310461,
        "Ag": 5.784362847320789,
        "Al": 5.696369871849163,
        "Am": 5.663537268564776,
        "Ar": 7.681882268173503,
        "As": 5.761573659699798,
        "At": 6.776783544437997,
        "Au": 5.826210641453257,
        "B": 4.934042557786024,
        "Ba": 6.834351274945761,
        "Be": 4.7525730214750475,
        "Bi": 6.519192878927268,
        "Br": 6.270142861828124,
        "C": 4.851688452226466,
        "Ca": 6.076598778646194,
        "Cd": 5.965849425023769,
        "Ce": 6.076699057067628,
        "Cl": 6.020380498838592,
        "Cm": 5.681937269905713,
        "Co": 4.923388593480596,
        "Cr": 4.9564740667001725,
        "Cs": 7.280564242875153,
        "Cu": 5.169625496514126,
        "Dy": 5.91689125075125,
        "Er": 5.992766634891221,
        "Eu": 5.847950694878401,
        "F": 4.984597489462133,
        "Fe": 4.898982096713568,
        "Fr": 7.52900004176341,
        "Ga": 5.964549685010294,
        "Gd": 5.865337511455625,
        "Ge": 5.835171888564621,
        "H": 3.6306674026978967,
        "He": 7.169398603333749,
        "Hf": 5.794713564538789,
        "Hg": 6.076947795716396,
        "Ho": 5.9519661833764665,
        "I": 6.610115737316907,
        "In": 6.411728992600152,
        "Ir": 5.445254244032225,
        "K": 6.479258866226817,
        "Kr": 7.80662616575787,
        "La": 6.387867432756626,
        "Li": 4.624321470899765,
        "Lu": 6.002334183343617,
        "Mg": 5.639401595032181,
        "Mn": 4.90872061352495,
        "Mo": 5.416088923814079,
        "N": 4.74275887149793,
        "Na": 5.5921124302204515,
        "Nb": 5.573687647901725,
        "Nd": 5.869601204122577,
        "Ne": 7.263150811635747,
        "Ni": 5.020672706794172,
        "Np": 5.738649499630653,
        "O": 4.768793398406824,
        "Os": 5.409590693143727,
        "P": 5.429472568437567,
        "Pa": 6.083664658329493,
        "Pb": 6.552297649529612,
        "Pd": 5.527053725099532,
        "Pm": 5.841405817615143,
        "Po": 6.553267044475842,
        "Pr": 5.936532094743176,
        "Pt": 5.570771614173002,
        "Pu": 5.681689720008476,
        "Ra": 7.2125798440818825,
        "Rb": 6.870395303746139,
        "Re": 5.437631562725502,
        "Rh": 5.376855123138718,
        "Rn": 8.176826153325187,
        "Ru": 5.33131237490979,
        "S": 5.547974874634623,
        "Sb": 6.2681455492353,
        "Sc": 5.566406153360244,
        "Se": 5.844814825982545,
        "Si": 5.547912438090675,
        "Sm": 5.8372964491743256,
        "Sn": 6.331496881328321,
        "Sr": 6.54696164173075,
        "Ta": 5.647173693441619,
        "Tb": 5.887955474005697,
        "Tc": 5.353729945871533,
        "Te": 6.3128076152805,
        "Th": 6.504288714501693,
        "Ti": 5.25678859781254,
        "Tl": 6.611281769667866,
        "Tm": 6.042085436283298,
        "U": 5.853216031804694,
        "V": 5.076880112636234,
        "W": 5.508464622875857,
        "Xe": 8.187669120953418,
        "Y": 6.074140906153369,
        "Yb": 6.125523111565194,
        "Zn": 5.459012217830492,
        "Zr": 5.772437405998684
    },
    "X2O3": {
        "Ac": 5.880188771727535,
        "Ag": 5.082329287881612,
        "Al": 4.617897412153301,
        "Am": 5.2487323083854465,
        "Ar": 5.909852066858164,
        "As": 5.073597141012572,
        "At": 5.6204576682305225,
        "Au": 5.120630077324514,
        "B": 4.159522311488643,
        "Ba": 6.159607710989539,
        "Be": 4.2650718362886115,
        "Bi": 5.592921722066947,
        "Br": 5.281619417589268,
        "C": 4.388746845641061,
        "Ca": 5.427387003217251,
        "Cd": 5.271668835199946,
        "Ce": 5.476593962389435,
        "Cl": 5.133128185529203,
        "Cm": 5.248569853618233,
        "Co": 4.491573754911331,
        "Cr": 4.587544512818542,
        "Cs": 6.568395218716726,
        "Cu": 4.699702299676455,
        "Dy": 5.296110326714463,
        "Er": 5.28201311843797,
        "Eu": 5.340419899824717,
        "F": 4.829406121514008,
        "Fe": 4.495648608937917,
        "Fr": 6.4001286563555375,
        "Ga": 4.805776299379134,
        "Gd": 5.3250124155794225,
        "Ge": 4.948848384555621,
        "H": 3.9544795538733406,
        "He": 4.550977946224562,
        "Hf": 5.044560015556845,
        "Hg": 5.344449189562689,
        "Ho": 5.286714117552736,
        "I": 5.514840967527768,
        "In": 5.197144965398197,
        "Ir": 4.807042959929252,
        "K": 6.105467135943919,
        "Kr": 5.792325580665117,
        "La": 5.672647491636802,
        "Li": 4.473877310819017,
        "Lu": 5.246820056038478,
        "Mg": 4.842323899268483,
        "Mn": 4.5293451248984,
        "Mo": 4.84202434073651,
        "N": 4.50354930927999,
        "Na": 5.213398307407468,
        "Nb": 4.934573922389328,
        "Nd": 5.397772534517883,
        "Ne": 5.472479938590564,
        "Ni": 4.578744986225769,
        "Np": 5.280662858752168,
        "O": 4.574797470350453,
        "Os": 4.783013389445016,
        "P": 4.832630892302079,
        "Pa": 5.401725543401882,
        "Pb": 5.5687215871820825,
        "Pd": 4.9053368698036115,
        "Pm": 5.373975273004188,
        "Po": 5.532163808590117,
        "Pr": 5.428745757309046,
        "Pt": 4.9493810506775615,
        "Pu": 5.257837776294731,
        "Ra": 6.3256431693666695,
        "Rb": 6.455687624880044,
        "Re": 4.801412859663225,
        "Rh": 4.774497756702007,
        "Rn": 5.878492130865022,
        "Ru": 4.751598355241066,
        "S": 4.894523016099677,
        "Sb": 5.399048809281941,
        "Sc": 4.992433363642308,
        "Se": 5.095327626692838,
        "Si": 4.6048526342184815,
        "Sm": 5.354991105704014,
        "Sn": 5.253552612612736,
        "Sr": 5.801826103149753,
        "Ta": 4.9314775993632685,
        "Tb": 5.309482132744412,
        "Tc": 4.779876135214747,
        "Te": 5.3996747882030425,
        "Th": 5.592994615671813,
        "Ti": 4.769842961974389,
        "Tl": 5.4217473272292445,
        "Tm": 5.282029398608314,
        "U": 5.322840470951316,
        "V": 4.665622164427478,
        "W": 4.852620017938888,
        "Xe": 5.827323319645325,
        "Y": 5.342864506938187,
        "Yb": 5.287502432547332,
        "Zn": 4.838348526656175,
        "Zr": 5.0694281053270736
    },
    "X2O5": {
        "Ac": 5.922755314923443,
        "Ag": 5.312146558652194,
        "Al": 5.015173883142186,
        "Am": 5.296063440502689,
        "Ar": 5.702068017317497,
        "As": 5.2422092093263615,
        "At": 5.530038812932398,
        "Au": 5.317330109779927,
        "B": 4.773147771728013,
        "Ba": 6.100967209681449,
        "Be": 4.857912683693849,
        "Bi": 5.625229863485416,
        "Br": 5.382806034925571,
        "C": 4.894035537072726,
        "Ca": 5.527118189726738,
        "Cd": 5.442875070254656,
        "Ce": 5.518823009952464,
        "Cl": 5.31721138511004,
        "Cm": 5.303581609743372,
        "Co": 4.9034753623370495,
        "Cr": 4.880571984789192,
        "Cs": 6.250837484049049,
        "Cu": 5.046017374588366,
        "Dy": 5.375562247142866,
        "Er": 5.383398653798345,
        "Eu": 5.391799174792865,
        "F": 4.953831771191519,
        "Fe": 4.877075134287447,
        "Fr": 6.126314360596053,
        "Ga": 5.1384961057796295,
        "Gd": 5.384809309142175,
        "Ge": 5.186550894589855,
        "H": 4.69276117691905,
        "He": 4.83163765877558,
        "Hf": 5.2252626051429285,
        "Hg": 5.501711716049424,
        "Ho": 5.377290595751822,
        "I": 5.462515484503195,
        "In": 5.39286177161717,
        "Ir": 5.0784449900539315,
        "K": 5.836144177209145,
        "Kr": 5.772806467102059,
        "La": 5.748599838272099,
        "Li": 4.982438033927649,
        "Lu": 5.404823456836035,
        "Mg": 5.178809119342413,
        "Mn": 4.86740531643103,
        "Mo": 5.010516198847904,
        "N": 4.855265736637633,