{
    "X2O": {
        "Bk": 5.730448873445873,
        "Cf": 5.800802992790057,
        "Es": 5.8941593756684165,
        "Fm": 6.003932201965043,
        "Lr": 6.303573290291556,
        "Md": 6.13062152251975,
        "No": 6.36756427849629
    },
    "X2O3": {
        "Bk": 5.254615613083189,
        "Cf": 5.266027909956244,
        "Es": 5.284871674580172,
        "Fm": 5.321303144468259,
        "Lr": 5.392192311625284,
        "Md": 5.379472863371089,
        "No": 5.455563981329886
    },
    "X2O5": {
        "Bk": 5.314753879146592,
        "Cf": 5.329942274765473,
        "Es": 5.356117990682316,
        "Fm": 5.396535847786649,
        "Lr": 5.51174424777833,
        "Md": 5.454730121638369,
        "No": 5.529584161281022
    },
    "XO": {
        "Bk": 4.775315223710151,
        "Cf": 4.810758515247402,
        "Es": 4.854031129021532,
        "Fm": 4.903576974235167,
        "Lr": 4.906843163682562,
        "Md": 4.952589316313219,
        "No": 5.016315311449201
    },
    "XO2": {
        "Bk": 5.266233324279739,
        "Cf": 5.274013769519205,
        "Es": 5.29721738982079,
        "Fm": 5.331974918811823,
        "Lr": 5.44940278181275,
        "Md": 5.38231589079413,
        "No": 5.453516233207749
    },
    "XO3": {
        "Bk": 4.065477018672161,
        "Cf": 4.076652603015619,
        "Es": 4.102655212956359,
        "Fm": 4.144479588975756,
        "Lr": 4.383157075750466,
        "Md": 4.207211111986743,
        "No": 4.293708690970884
    }
}