{
  "BM_fit_data": {
    "Ar-XO2": {
      "E0": -18484.395233283314,
      "bulk_deriv": 6.108979320602814,
      "bulk_modulus_ev_ang3": 0.12155344626763238,
      "min_volume": 51.37638000568456,
      "residuals": 7.540154955066493e-07
    },
    "He-X2O": {
      "E0": -2198.6233053502106,
      "bulk_deriv": 6.340871116103781,
      "bulk_modulus_ev_ang3": 0.0030273753741795013,
      "min_volume": 92.11618775014229,
      "residuals": 5.171046728231984e-05
    },
    "He-XO": {
      "E0": -2119.979194546625,
      "bulk_deriv": 6.027292233241317,
      "bulk_modulus_ev_ang3": 0.024349082869119517,
      "min_volume": 31.55564605373871,
      "residuals": 1.0392933137113062e-06
    },
    "Kr-XO2": {
      "E0": -80017.01551768722,
      "bulk_deriv": 5.76409622181482,
      "bulk_modulus_ev_ang3": 0.2585937927264376,
      "min_volume": 47.56907438104078,
      "residuals": 1.248380900333393e-06
    },
    "Ne-X2O": {
      "E0": -9062.46977449067,
      "bulk_deriv": 7.190983294722281,
      "bulk_modulus_ev_ang3": 0.004813364380946524,
      "min_volume": 95.80077538450278,
      "residuals": 0.00015893440262318862
    },
    "Ne-XO": {
      "E0": -5551.854957169131,
      "bulk_deriv": 7.316132255025792,
      "bulk_modulus_ev_ang3": 0.013596090791321505,
      "min_volume": 47.223000200258994,
      "residuals": 1.4826288544544606e-06
    },
    "O-X2O": {
      "E0": -6130.372133741446,
      "bulk_deriv": 4.670044537997049,
      "bulk_modulus_ev_ang3": 0.8134439116874714,
      "min_volume": 27.10935530821067,
      "residuals": 3.313435287674909e-08
    },
    "O-X2O3": {
      "E0": -20438.103032788185,
      "bulk_deriv": 4.57183107773665,
      "bulk_modulus_ev_ang3": 0.8290112966062254,
      "min_volume": 95.73684765734939,
      "residuals": 4.935689494782517e-08
    },
    "O-X2O5": {
      "E0": -28608.459892824445,
      "bulk_deriv": 4.685974383011814,
      "bulk_modulus_ev_ang3": 0.9022624753259841,
      "min_volume": 115.85633369157443,
      "residuals": 9.908295138191439e-08
    },
    "O-XO": {
      "E0": -4088.03342322534,
      "bulk_deriv": 4.569385279056466,
      "bulk_modulus_ev_ang3": 1.074883529574453,
      "min_volume": 15.906506750574213,
      "residuals": 6.429833041104254e-08
    },
    "O-XO2": {
      "E0": -6130.372134471427,
      "bulk_deriv": 4.668322248469085,
      "bulk_modulus_ev_ang3": 0.8133908363036159,
      "min_volume": 27.10936304467221,
      "residuals": 8.934277447294415e-08
    },
    "O-XO3": {
      "E0": -8174.478536976688,
      "bulk_deriv": 4.5561012885581125,
      "bulk_modulus_ev_ang3": 0.5511979724060206,
      "min_volume": 44.78663561152024,
      "residuals": 2.9672525826603513e-08
    },
    "Rb-XO3": {
      "E0": -87260.53546443974,
      "bulk_deriv": 1.699631973607148,
      "bulk_modulus_ev_ang3": 0.01968224426143643,
      "min_volume": 110.98014769412114,
      "residuals": 2.4924814297859264e-06
    }
  },
  "completely_off": [],
  "eos_data": {
    "Ar-XO2": [
      [
        48.272923979531576,
        -18484.382031095
      ],
      [
        49.300007468457316,
        -18484.389607804
      ],
      [
        50.32709095738496,
        -18484.393862304
      ],
      [
        51.354174446309926,
        -18484.395239839
      ],
      [
        52.381257935236846,
        -18484.394092509
      ],
      [
        53.40834142416295,
        -18484.390772535
      ],
      [
        54.43542491308795,
        -18484.38558562
      ]
    ],
    "He-X2O": [
      [
        85.95439180783944,
        -2198.6225671783
      ],
      [
        87.78320865481624,
        -2198.6229569923
      ],
      [
        89.61202550179189,
        -2198.6231951871
      ],
      [
        91.44084234876772,
        -2198.6232983074
      ],
      [
        93.26965919574269,
        -2198.623286367
      ],
      [
        95.09847604271883,
        -2198.6231667594
      ],
      [
        96.92729288969444,
        -2198.6229708918
      ]
    ],
    "He-XO": [
      [
        29.46643428440417,
        -2119.9772181706
      ],
      [
        30.093379694709654,
        -2119.9782722281
      ],
      [
        30.72032510501655,
        -2119.9789074915
      ],
      [
        31.347270515322858,
        -2119.979178702
      ],
      [
        31.97421592562912,
        -2119.9791290058
      ],
      [
        32.60116133593548,
        -2119.9788028638
      ],
      [
        33.228106746242574,
        -2119.9782389132
      ]
    ],
    "Kr-XO2": [
      [
        44.69390259075043,
        -80016.989665189
      ],
      [
        45.644836688424796,
        -80017.004455359
      ],
      [
        46.595770786101646,
        -80017.01282793
      ],
      [
        47.54670488377618,
        -80017.015529786
      ],
      [
        48.497638981452695,
        -80017.013263875
      ],
      [
        49.448573079127996,
        -80017.006715357
      ],
      [
        50.39950717680442,
        -80016.996407929
      ]
    ],
    "Ne-X2O": [
      [
        90.18152961002124,
        -9062.4688389852
      ],
      [
        92.10028555917101,
        -9062.4693919886
      ],
      [
        94.01904150831938,
        -9062.4696956921
      ],
      [
        95.93779745746905,
        -9062.4697660989
      ],
      [
        97.8565534066178,
        -9062.4696747883
      ],
      [
        99.77530935576752,
        -9062.4694243674
      ],
      [
        101.69406530491563,
        -9062.4690317098
      ]
    ],
    "Ne-XO": [
      [
        44.260137652730144,
        -5551.8534464334
      ],
      [
        45.20184270917134,
        -5551.8542938068
      ],
      [
        46.143547765611274,
        -5551.8547788525
      ],
      [
        47.08525282205353,
        -5551.8549537564
      ],
      [
        48.02695787849453,
        -5551.854867812
      ],
      [
        48.968662934935935,
        -5551.8545617764
      ],
      [
        49.91036799137702,
        -5551.8540657727
      ]
    ],
    "O-X2O": [
      [
        25.46958952375093,
        -6130.3267434941
      ],
      [
        26.01149568383219,
        -6130.3525805312
      ],
      [
        26.553401843911743,
        -6130.3673128247
      ],
      [
        27.095308003991143,
        -6130.3721314388
      ],
      [
        27.63721416407117,
        -6130.3680978814
      ],
      [
        28.179120324150407,
        -6130.3561804425
      ],
      [
        28.721026484230723,
        -6130.3371913902
      ]
    ],
    "O-X2O3": [
      [
        89.98264385650533,
        -20437.942188331
      ],
      [
        91.89716819388033,
        -20438.034140841
      ],
      [
        93.81169253125469,
        -20438.086391952
      ],
      [
        95.72621686862497,
        -20438.103019415
      ],
      [
        97.64074120599516,
        -20438.087908706
      ],
      [
        99.55526554336993,
        -20438.044322482
      ],
      [
        101.46978988074066,
        -20437.975304825
      ]
    ],
    "O-X2O5": [
      [
        109.0937377385372,
        -28608.260308109
      ],
      [
        111.4148810946762,
        -28608.377188466
      ],
      [
        113.7360244508132,
        -28608.44173314
      ],
      [
        116.05716780695197,
        -28608.459745455
      ],
      [
        118.3783111630897,
        -28608.436148985
      ],
      [
        120.69945451923294,
        -28608.375343461
      ],
      [
        123.02059787537014,
        -28608.281525132
      ]
    ],