{
  "BM_fit_data": {
    "Ar-XO2": {
      "E0": -18484.40445437831,
      "bulk_deriv": 5.969394384273793,
      "bulk_modulus_ev_ang3": 0.12004731262858709,
      "min_volume": 51.26728426189083,
      "residuals": 3.479098074906433e-10
    },
    "He-X2O": {
      "E0": -2198.623758749957,
      "bulk_deriv": 6.373262611763997,
      "bulk_modulus_ev_ang3": 0.0029762654832341147,
      "min_volume": 92.13834692798194,
      "residuals": 2.681637494776792e-07
    },
    "He-XO": {
      "E0": -2119.979822070689,
      "bulk_deriv": 5.9950977953878155,
      "bulk_modulus_ev_ang3": 0.02364502067331893,
      "min_volume": 31.48189433081085,
      "residuals": 5.2530533556224695e-08
    },
    "Kr-XO2": {
      "E0": -80016.99902775773,
      "bulk_deriv": 5.711828761564716,
      "bulk_modulus_ev_ang3": 0.25726697965421613,
      "min_volume": 47.49730023229916,
      "residuals": 4.75847696401678e-08
    },
    "Ne-X2O": {
      "E0": -9062.470794833438,
      "bulk_deriv": 6.500089152717536,
      "bulk_modulus_ev_ang3": 0.004816527833764861,
      "min_volume": 95.77702832191177,
      "residuals": 1.4054124952335169e-06
    },
    "Ne-XO": {
      "E0": -5551.856430017245,
      "bulk_deriv": 7.3959903111955985,
      "bulk_modulus_ev_ang3": 0.013902310466024694,
      "min_volume": 47.01261456409021,
      "residuals": 2.896387287126563e-07
    },
    "O-X2O": {
      "E0": -6130.376693809111,
      "bulk_deriv": 4.632260424231126,
      "bulk_modulus_ev_ang3": 0.8112335635384447,
      "min_volume": 27.115141079701306,
      "residuals": 2.1361757710218185e-08
    },
    "O-X2O3": {
      "E0": -20438.13021303203,
      "bulk_deriv": 4.547121073363161,
      "bulk_modulus_ev_ang3": 0.8264306152847211,
      "min_volume": 95.75293778570898,
      "residuals": 1.50144574532022e-08
    },
    "O-X2O5": {
      "E0": -14304.235471455999,
      "bulk_deriv": 4.657938782625928,
      "bulk_modulus_ev_ang3": 0.44925843963113254,
      "min_volume": 115.87186323680216,
      "residuals": 3.076886208058654e-08
    },
    "O-XO": {
      "E0": -2044.0195413311396,
      "bulk_deriv": 4.565323955281801,
      "bulk_modulus_ev_ang3": 0.5350494753137047,
      "min_volume": 15.905858144598815,
      "residuals": 3.856033782235898e-08
    },
    "O-XO2": {
      "E0": -6130.376693745487,
      "bulk_deriv": 4.635902484959014,
      "bulk_modulus_ev_ang3": 0.8112266418520877,
      "min_volume": 27.115090863469185,
      "residuals": 2.2228951569887924e-08
    },
    "O-XO3": {
      "E0": -8174.534233630546,
      "bulk_deriv": 4.572002936792992,
      "bulk_modulus_ev_ang3": 0.5494738812400352,
      "min_volume": 44.79501554785047,
      "residuals": 4.2364375439983053e-07
    },
    "Rb-XO3": {
      "E0": -87260.54443126018,
      "bulk_deriv": 1.7975504240656206,
      "bulk_modulus_ev_ang3": 0.01945109060334545,
      "min_volume": 111.44555625273084,
      "residuals": 7.789435595156197e-07
    }
  },
  "completely_off": [],
  "eos_data": {
    "Ar-XO2": [
      [
        48.272923979531576,
        -18484.392383433
      ],
      [
        49.300007468457316,
        -18484.399492272
      ],
      [
        50.32709095738496,
        -18484.403374112
      ],
      [
        51.354174446309926,
        -18484.404445424
      ],
      [
        52.381257935236846,
        -18484.403072338
      ],
      [
        53.40834142416295,
        -18484.399574314
      ],
      [
        54.43542491308795,
        -18484.394232583
      ]
    ],
    "He-X2O": [
      [
        85.95439180783944,
        -2198.6230264003
      ],
      [
        87.78320865481624,
        -2198.6234138905
      ],
      [
        89.61202550179189,
        -2198.6236483166
      ],
      [
        91.44084234876772,
        -2198.6237507675
      ],
      [
        93.26965919574269,
        -2198.6237385223
      ],
      [
        95.09847604271883,
        -2198.6236280441
      ],
      [
        96.92729288969444,
        -2198.6234317139
      ]
    ],
    "He-XO": [
      [
        29.46643428440417,
        -2119.9780425232
      ],
      [
        30.093379694709654,
        -2119.9790179154
      ],
      [
        30.72032510501655,
        -2119.9795912593
      ],
      [
        31.347270515322858,
        -2119.979815345
      ],
      [
        31.97421592562912,
        -2119.9797343912
      ],
      [
        32.60116133593548,
        -2119.9793882623
      ],
      [
        33.228106746242574,
        -2119.9788126054
      ]
    ],
    "Kr-XO2": [
      [
        44.69390259075043,
        -80016.974643086
      ],
      [
        45.644836688424796,
        -80016.988867022
      ],
      [
        46.595770786101646,
        -80016.996730705
      ],
      [
        47.54670488377618,
        -80016.999022856
      ],
      [
        48.497638981452695,
        -80016.9964424
      ],
      [
        49.448573079127996,
        -80016.989601322
      ],
      [
        50.39950717680442,
        -80016.979054188
      ]
    ],
    "Ne-X2O": [
      [
        90.18152961002124,
        -9062.4698802098
      ],
      [
        92.10028555917101,
        -9062.4704198116
      ],
      [
        94.01904150831938,
        -9062.4707132864
      ],
      [
        95.93779745746905,
        -9062.4707945124
      ],
      [
        97.8565534066178,
        -9062.4706921976
      ],
      [
        99.77530935576752,
        -9062.4704312404
      ],
      [
        101.69406530491563,
        -9062.4700376277
      ]
    ],
    "Ne-XO": [
      [
        44.260137652730144,
        -5551.8551052395
      ],
      [
        45.20184270917134,
        -5551.8558891995
      ],
      [
        46.143547765611274,
        -5551.8563122005
      ],
      [
        47.08525282205353,
        -5551.8564292095
      ],
      [
        48.02695787849453,
        -5551.856287166
      ],
      [
        48.968662934935935,
        -5551.8559251185
      ],
      [
        49.91036799137702,
        -5551.8553811629
      ]
    ],
    "O-X2O": [
      [
        25.46958952375093,
        -6130.3311357194
      ],
      [
        26.01149568383219,
        -6130.3569918425
      ],
      [
        26.553401843911743,
        -6130.3717842242
      ],
      [
        27.095308003991143,
        -6130.3766917977
      ],
      [
        27.63721416407117,
        -6130.3727593442
      ],
      [
        28.179120324150407,
        -6130.3609368132
      ],
      [
        28.721026484230723,
        -6130.3420677577
      ]
    ],
    "O-X2O3": [
      [
        89.98264385650533,
        -20437.96902906
      ],
      [
        91.89716819388033,
        -20438.06098409
      ],
      [
        93.81169253125469,
        -20438.113324239
      ],
      [
        95.72621686862497,
        -20438.130211761
      ],
      [
        97.64074120599516,
        -20438.115387814
      ],
      [
        99.55526554336993,
        -20438.072143071
      ],
      [
        101.46978988074066,
        -20438.003520853
      ]
    ],
    "O-X2O5": [
      [
        109.0937377385372,
        -14304.135686025
      ],
      [
        111.4148810946762,
        -14304.193994719
      ],
      [
        113.7360244508132,
        -14304.22631654
      ],
      [
        116.05716780695197,
        -14304.235410449
      ],
      [
        118.3783111630897,
        -14304.223776357
      ],
      [
        120.69945451923294,
        -14304.193628726
      ],
      [
        123.02059787537014,
        -14304.146981607
      ]
    ],