{
    "BCC": {
        "Bk": 3.2729028508829727,
        "Cf": 3.3965478929963173,
        "Es": 3.6031652148350646,
        "Fm": 3.8873926982084335,
        "Lr": 3.951841858899626,
        "Md": 4.1714590340493745,
        "No": 4.283262425680021
    },
    "Diamond": {
        "Bk": 5.422111076136333,
        "Cf": 5.540967820434704,
        "Es": 5.780820273499688,
        "Fm": 6.547991306526309,
        "Lr": 7.609354925677061,
        "Md": 8.763118705533971,
        "No": 9.541163675710225
    },
    "FCC": {
        "Bk": 4.185211808303809,
        "Cf": 4.320399703410978,
        "Es": 4.555953315900628,
        "Fm": 4.916490406137347,
        "Lr": 4.932030161135925,
        "Md": 5.21933013566846,
        "No": 5.425407035544837
    },
    "SC": {
        "Bk": 2.586309708247658,
        "Cf": 2.670501081441991,
        "Es": 2.82033681365016,
        "Fm": 3.123562257655679,
        "Lr": 3.2825657848816947,
        "Md": 3.5036986771776046,
        "No": 3.6382234542772074
    }
}