{
    "BCC": {
        "Ac": 4.4089957332904675,
        "Ag": 3.224414402870273,
        "Al": 3.212300307788134,
        "Am": 3.129509550305232,
        "Ar": 4.693550823189164,
        "As": 3.312242548367181,
        "At": 4.187589127524616,
        "Au": 3.2439198153325903,
        "B": 2.2971751524143893,
        "Ba": 4.881145197700575,
        "Be": 2.4922778822989504,
        "Bi": 3.917180498025227,
        "Bk": 3.174930313379614,
        "Br": 3.6457803912777447,
        "C": 2.3426398669348423,
        "Ca": 4.3238858009204035,
        "Cd": 3.49443300483196,
        "Ce": 3.64934819052939,
        "Cf": 3.252162760787087,
        "Cl": 3.378621255131259,
        "Cm": 3.1379013189571765,
        "Co": 2.7237755800656966,
        "Cr": 2.8142778227495757,
        "Cs": 6.009326587603145,
        "Cu": 2.8321565210572297,
        "Dy": 3.839551585216097,
        "Er": 3.9391623714009993,
        "Es": 3.385329583220155,
        "Eu": 3.319931655156914,
        "F": 2.6368341368058794,
        "Fe": 2.7231454028962916,
        "Fm": 3.600524899010201,
        "Fr": 5.9496414822745205,
        "Ga": 3.300444340016537,
        "Gd": 3.6040278233271845,
        "Ge": 3.318351504230612,
        "H": 1.7991075144696518,
        "He": 3.440229565371424,
        "Hf": 3.4914623831468146,
        "Hg": 3.631619354937528,
        "Ho": 3.8985095550411986,
        "I": 4.029572940932828,
        "In": 3.7237637089734434,
        "Ir": 3.0768351584208817,
        "K": 5.2153992283226485,
        "Kr": 4.938528587306956,
        "La": 4.114829577154449,
        "Li": 3.4338274162092053,
        "Lr": 3.8484946306224974,
        "Lu": 3.82138177773449,
        "Md": 3.890374503539799,
        "Mg": 3.5557471744281903,
        "Mn": 2.7494279628526095,
        "Mo": 3.1298942832326286,
        "N": 2.3947566346682265,
        "Na": 4.171663096134775,
        "Nb": 3.272010664667282,
        "Nd": 3.318824769402484,
        "Ne": 3.74610969164162,
        "Ni": 2.749243619776693,
        "No": 4.105875998179394,
        "Np": 3.232436568243583,
        "O": 2.4456978829880196,
        "Os": 3.0622723573353148,
        "P": 3.0133898956761738,
        "Pa": 3.6043767777544398,
        "Pb": 3.912504829677676,
        "Pd": 3.0841483495831783,
        "Pm": 3.2613194808066597,
        "Po": 3.9644416730399192,
        "Pr": 3.4348814849019518,
        "Pt": 3.122056256550188,
        "Pu": 3.1564386355433287,
        "Ra": 5.06044471205838,
        "Rb": 5.5688001347928475,
        "Re": 3.086189566927785,
        "Rh": 3.029123476638096,
        "Rn": 5.201292395714112,
        "Ru": 3.0185189565735318,
        "S": 3.0983136577064854,
        "Sb": 3.7299721904898067,
        "Sc": 3.62830229508425,
        "Se": 3.3765982051019114,
        "Si": 3.0560315472713233,
        "Sm": 3.254717617971962,
        "Sn": 3.7386662063194267,
        "Sr": 4.674685506527937,
        "Ta": 3.2811635394039635,
        "Tb": 3.753243004542852,
        "Tc": 3.049265629951694,
        "Te": 3.7812102625515833,
        "Th": 3.951655968855905,
        "Ti": 3.210735036221068,
        "Tl": 3.852778155368589,
        "Tm": 3.967405491993856,
        "U": 3.3723612059142236,
        "V": 2.958833522258802,
        "W": 3.1546291177631582,
        "Xe": 5.225829842028432,
        "Y": 3.974716248049095,
        "Yb": 3.990188393743096,
        "Zn": 3.0592505724642414,
        "Zr": 3.521223822085006
    },
    "Diamond": {
        "Ac": 7.81902920980296,
        "Ag": 6.039135237049444,
        "Al": 5.9941081180371,
        "Am": 5.3097579863633015,
        "Ar": 9.161298115567025,
        "As": 6.009943308672778,
        "At": 7.931260456906657,
        "Au": 6.0263034380896,
        "B": 4.031898769323333,
        "Ba": 7.405484887183174,
        "Be": 4.874134783187175,
        "Bi": 7.168374535640686,
        "Bk": 5.331187453480022,
        "Br": 6.8385978108289045,
        "C": 3.55410627041464,
        "Ca": 8.434299702505996,
        "Cd": 6.447407487591153,
        "Ce": 6.132967766445549,
        "Cf": 5.420898792563007,
        "Cl": 6.301825768669435,
        "Cm": 5.289970646049321,
        "Co": 4.842276872946834,
        "Cr": 5.00791883572061,
        "Cs": 11.125886183338181,
        "Cu": 5.232302783489448,
        "Dy": 5.514962302708119,
        "Er": 5.848947976503329,
        "Es": 5.594977805554639,
        "Eu": 5.38293961865579,
        "F": 4.772704322151779,
        "Fe": 4.803547492177106,
        "Fm": 5.9733896888706255,
        "Fr": 11.159995496135215,
        "Ga": 5.757291446814709,
        "Gd": 5.3919012343492385,
        "Ge": 5.676316509302278,
        "H": 2.9928439711949277,
        "He": 6.616486752554464,
        "Hf": 6.371857553026684,
        "Hg": 6.621297731172387,
        "Ho": 5.635398968279772,
        "I": 7.661786764377195,
        "In": 6.564089521201314,
        "Ir": 5.507352055860383,
        "K": 9.437166419135272,
        "Kr": 9.715200118260624,
        "La": 6.567617889383284,
        "Li": 5.88437503544765,
        "Lr": 7.384620022122614,
        "Lu": 7.168936187606475,
        "Md": 8.098051035279775,
        "Mg": 6.775585233015528,
        "Mn": 4.882082426814986,
        "Mo": 5.611227713969692,
        "N": 4.129101097766448,
        "Na": 7.490042882248073,
        "Nb": 5.808201420570849,
        "Nd": 5.643767784362952,
        "Ne": 7.243333581468361,
        "Ni": 4.998863809535366,
        "No": 8.98266225656404,
        "Np": 5.4974228222438155,
        "O": 4.339042514243535,
        "Os": 5.50216900846771,
        "P": 5.378913049792634,
        "Pa": 6.150083028591789,
        "Pb": 6.913274968609177,
        "Pd": 5.685821355415388,
        "Pm": 5.483870650333173,
        "Po": 7.361643326198345,
        "Pr": 5.852096298915894,
        "Pt": 5.690571730449205,
        "Pu": 5.379558392570663,
        "Ra": 10.584978998563471,
        "Rb": 10.154315222530581,
        "Re": 5.5946239045556,
        "Rh": 5.433582846873304,
        "Rn": 10.49215625464723,
        "Ru": 5.391307966368997,
        "S": 5.68164965149793,
        "Sb": 6.871817794842066,
        "Sc": 6.26127066880376,
        "Se": 6.222744845564844,
        "Si": 5.432809168958153,
        "Sm": 5.412705414459267,
        "Sn": 6.54022927794178,
        "Sr": 9.392503711229494,
        "Ta": 6.000489120529731,
        "Tb": 5.437005812519834,
        "Tc": 5.47679160831602,
        "Te": 7.060605740637999,
        "Th": 6.984629710373793,
        "Ti": 5.519666431698744,
        "Tl": 6.878748966949998,
        "Tm": 8.250986754285579,
        "U": 5.761836534718086,
        "V": 5.187111387307497,
        "W": 5.756235977479486,
        "Xe": 10.441950950394562,
        "Y": 6.8268156877801065,
        "Yb": 8.359968480501653,
        "Zn": 5.655685841765153,
        "Zr": 6.139374627300008
    },
    "FCC": {
        "Ac": 5.530777700264693,
        "Ag": 4.053757539805513,
        "Al": 4.01511570568197,
        "Am": 4.023250524094186,
        "Ar": 5.856467978062943,
        "As": 4.192179055875919,
        "At": 5.230840708650424,
        "Au": 4.083507564401887,
        "B": 2.8564590731256354,
        "Ba": 6.161411761341338,
        "Be": 3.1467438082352013,
        "Bi": 4.943840824152363,
        "Bk": 4.060525871783752,
        "Br": 4.5664535141397735,
        "C": 3.0349626938426364,
        "Ca": 5.455191252937873,
        "Cd": 4.376127697890196,
        "Ce": 4.580896857541738,
        "Cf": 4.145646135897117,
        "Cl": 4.238623699077347,
        "Cm": 4.023746937365079,
        "Co": 3.4066447919294065,
        "Cr": 3.5789139590780565,
        "Cs": 7.584203748908422,
        "Cu": 3.5634940434920916,
        "Dy": 4.814397317276711,
        "Er": 4.98522632628585,
        "Es": 4.295035223874406,
        "Eu": 4.3446589908053985,
        "F": 3.324627338100639,
        "Fe": 3.405300604149247,
        "Fm": 4.552844014601358,
        "Fr": 7.517559415632872,
        "Ga": 4.139432463027261,