{
    "BCC": {
        "Bk": 3.272902941232726,
        "Cf": 3.3965483604088504,
        "Cm": 3.208989971877663,
        "Es": 3.6031665956920547,
        "Fm": 3.8873960543924357,
        "Lr": 3.95184187303016,
        "Md": 4.171461048071852,
        "No": 4.283262925804218
    },
    "Diamond": {
        "Bk": 5.422111304971808,
        "Cf": 5.54096808376043,
        "Cm": 5.367105047295453,
        "Es": 5.780820298277402,
        "Fm": 6.548000806866675,
        "Lr": 7.609354954236229,
        "Md": 8.76311938895453,
        "No": 9.541164191325052
    },
    "FCC": {
        "Bk": 4.185211912794757,
        "Cf": 4.320400096573054,
        "Cm": 4.120686728835083,
        "Es": 4.555955371953495,
        "Fm": 4.9164941060695835,
        "Lr": 4.932030175691461,
        "Md": 5.219332175463962,
        "No": 5.4254077879843505
    },
    "SC": {
        "Bk": 2.586309708919033,
        "Cf": 2.670501115482584,
        "Cm": 2.5403936663965454,
        "Es": 2.8203372013965304,
        "Fm": 3.123564598856561,
        "Lr": 3.2825657936101034,
        "Md": 3.5037037308022043,
        "No": 3.6382250470486643
    }
}