{
    "Diamond": {
        "Br": 7.176724949851541,
        "Cl": 6.638461997881433,
        "Co": 5.079693594652274,
        "F": 4.960002912919597,
        "Ni": 5.10137802365777,
        "Pd": 5.809875285864774,
        "Pt": 5.779066588460565,
        "Sc": 6.797928808622579,
        "Ti": 6.029708498747673,
        "V": 5.46744852456888,
        "Zr": 6.316234424210109
    },
    "BCC": {
        "Cl": 3.5931855403239803,
        "Co": 2.810236474578124,
        "F": 2.779177245422881,
        "Fe": 2.8310406001781723,
        "Ir": 3.1137259368157673,
        "Mn": 2.7963445079179006,
        "Ni": 2.8010801344193315,
        "O": 2.8384642768608703,
        "Rh": 3.072930084723151
    },
    "FCC": {
        "Cl": 4.536309368576224,
        "Co": 3.521038270861915,
        "F": 3.519679704855859,
        "Fe": 3.4821574459552362,
        "Ni": 3.51899933103502,
        "O": 3.56061314450004,
        "Pd": 3.943190091618211
    },
    "SC": {
        "Co": 2.3399162143039716,
        "F": 2.259522470383155,
        "Fe": 2.3701603047164705,
        "Mn": 2.2861025238193875,
        "Ni": 2.329950973334951,
        "Sc": 2.9748102201679814,
        "Y": 3.2739463030970835
    }
}