{
    "BCC": {
        "Ag": 3.267710975161375,
        "Al": 3.1904803222453255,
        "As": 3.351759684386425,
        "At": 4.3124837603894735,
        "Au": 3.2797003964572027,
        "B": 2.293615938708804,
        "Ba": 5.0683765619800845,
        "Be": 2.500921164143389,
        "Bi": 3.9665261673036265,
        "Br": 3.74781495897067,
        "C": 2.387908358555929,
        "Ca": 4.424044118874992,
        "Cd": 3.5373489378626983,
        "Cl": 3.467676031518473,
        "Co": 2.728064960190875,
        "Cr": 2.8297645461349283,
        "Cs": 6.265798558939326,
        "Cu": 2.8424657366465063,
        "F": 2.6407700089420127,
        "Fe": 2.729019127335863,
        "Fr": 6.235128188718499,
        "Ga": 3.313446873873501,
        "Ge": 3.34462491637167,
        "H": 1.8021867175538406,
        "Hf": 3.5405508249286135,
        "Hg": 3.781512773022322,
        "I": 4.161403412834954,
        "In": 3.763906353834173,
        "Ir": 3.089119254928107,
        "K": 5.350398778513576,
        "Li": 3.4760790124936887,
        "Mg": 3.558475316472369,
        "Mn": 2.7599154552386795,
        "Mo": 3.1514390574444042,
        "N": 2.426549119385586,
        "Na": 4.2237302750901975,
        "Nb": 3.304292990396068,
        "Ni": 2.754568541971448,
        "O": 2.4666660457821603,
        "Os": 3.071858544720438,
        "P": 3.0624399041225008,
        "Pb": 3.9623487364561396,
        "Pd": 3.111136422180283,
        "Po": 4.031517203586249,
        "Pt": 3.1414579068723576,
        "Ra": 5.256118116327325,
        "Rb": 5.745136038834883,
        "Re": 3.096757624411769,
        "Rh": 3.0455826591307242,
        "Ru": 3.03284845347178,
        "S": 3.1651004150038258,
        "Sb": 3.7788169377860963,
        "Sc": 3.690106774283331,
        "Se": 3.4362266484362127,
        "Si": 3.046495023533583,
        "Sn": 3.7788752748486294,
        "Sr": 4.820614135841905,
        "Ta": 3.3053828590478047,
        "Tc": 3.0656377044207153,
        "Te": 3.85212902578712,
        "Ti": 3.2540949879126835,
        "Tl": 3.9222020392330124,
        "V": 2.9833336763566587,
        "W": 3.1696692251671106,
        "Y": 4.068025042956643,
        "Zn": 3.068546859934532,
        "Zr": 3.581166023551874
    },
    "Diamond": {
        "Ag": 6.101035698999295,
        "Al": 6.029142968960548,
        "As": 6.0623209337611605,
        "At": 8.092067290909148,
        "Au": 6.079073096499455,
        "B": 4.053257299771299,
        "Ba": 7.571712747700064,
        "Be": 4.930516075188621,
        "Bi": 7.23716909152689,
        "Br": 6.972781271328689,
        "C": 3.55980772072286,
        "Ca": 8.68840725494091,
        "Cd": 6.521371136485756,
        "Cl": 6.421337557382881,
        "Co": 4.851021897026839,
        "Cr": 5.044938566025802,
        "Cs": 11.417417249110512,
        "Cu": 5.251863590775838,
        "F": 4.779567456686614,
        "Fe": 4.812615593943225,
        "Fr": 11.47248451543186,
        "Ga": 5.777626074839083,
        "Ge": 5.679859505640833,
        "H": 2.9935591326134734,
        "Hf": 6.469042752131401,
        "Hg": 6.779529017408778,
        "I": 7.837779772655115,
        "In": 6.617227582636924,
        "Ir": 5.5270193950143325,
        "K": 9.674538839391731,
        "Li": 5.925818316014041,
        "Mg": 6.856230700808923,
        "Mn": 4.8963484584419685,
        "Mo": 5.6507407848192,
        "N": 4.159022237125238,
        "Na": 7.641735415372138,
        "Nb": 5.8559253930574915,
        "Ni": 5.010713233461669,
        "O": 4.352409383213521,
        "Os": 5.51921582031715,
        "P": 5.435783631033086,
        "Pb": 6.95905996750481,
        "Pd": 5.740471472282855,
        "Po": 7.446747303159678,
        "Pt": 5.723735016238681,
        "Ra": 11.139400328829897,
        "Rb": 10.43136093287564,
        "Re": 5.616602703002086,
        "Rh": 5.463212797280447,
        "Ru": 5.414739242026445,
        "S": 5.7619345688621735,
        "Sb": 6.942475650763526,
        "Sc": 6.338268739758544,
        "Se": 6.291470760583285,
        "Si": 5.446090894017559,
        "Sn": 6.569746029705537,
        "Sr": 9.70316214170013,
        "Ta": 6.055709172800392,
        "Tc": 5.504433086681398,
        "Te": 7.148783252441565,
        "Ti": 5.553575278113205,
        "Tl": 6.95493082342924,
        "V": 5.227216955015567,
        "W": 5.791520423125502,
        "Y": 6.923494099829831,
        "Zn": 5.6913797711678376,
        "Zr": 6.189456488382418
    },
    "FCC": {
        "Ag": 4.1070179039016415,
        "Al": 3.9961720835266292,
        "As": 4.242418877504224,
        "At": 5.401812531539033,
        "Au": 4.126981420076036,
        "B": 2.8551337210879875,
        "Ba": 6.444493118563343,
        "Be": 3.1597790585444665,
        "Bi": 5.006918666859517,
        "Br": 4.7081407369190735,
        "C": 3.097671198959901,
        "Ca": 5.566969481142368,
        "Cd": 4.432090228515525,
        "Cl": 4.362578130417015,
        "Co": 3.413322691014734,
        "Cr": 3.5979689623999023,
        "Cs": 7.918300070803633,
        "Cu": 3.5770986094085866,
        "F": 3.332197372191778,
        "Fe": 3.412741707713477,
        "Fr": 7.872141624231231,
        "Ga": 4.150326540600933,
        "Ge": 4.237901371275943,
        "H": 2.271374048833147,
        "Hf": 4.479326699802867,
        "Hg": 4.814572803424901,
        "I": 5.214779038934563,
        "In": 4.72294743000058,
        "Ir": 3.8462483363233977,
        "K": 6.748759540645336,
        "Li": 4.377297415612176,
        "Mg": 4.498966808317661,
        "Mn": 3.472388523065859,
        "Mo": 3.9888379130163716,
        "N": 3.110542807859742,
        "Na": 5.3238687463683085,
        "Nb": 4.213836580703028,
        "Ni": 3.465284570699307,
        "O": 3.1381172280450715,
        "Os": 3.8334645678242105,
        "P": 3.8884709678052,
        "Pb": 4.998584763102008,
        "Pd": 3.9104280159823084,
        "Po": 5.065013635498682,
        "Pt": 3.94269147380118,
        "Ra": 6.676257240659326,
        "Rb": 7.259542940456024,
        "Re": 3.8938837691397743,
        "Rh": 3.801895062258604,
        "Ru": 3.7866163947130844,
        "S": 4.004651045905408,
        "Sb": 4.775123512461851,
        "Sc": 4.650177530071427,
        "Se": 4.336679529859435,
        "Si": 3.8061575562666725,
        "Sn": 4.78287047263615,
        "Sr": 6.103615659308787,
        "Ta": 4.208472865622001,
        "Tc": 3.8523216696355367,
        "Te": 4.841791508320596,
        "Ti": 4.111963662932248,
        "Tl": 4.9283111541040725,
        "V": 3.801674613612952,
        "W": 4.0182030656295895,
        "Y": 5.103953283295955,
        "Zn": 3.856084402150178,
        "Zr": 4.536997700924789
    },
    "SC": {
        "Ag": 2.716802993359105,
        "Al": 2.709447304016428,
        "As": 2.706909535884768,
        "At": 3.574891442015975,
        "Au": 2.72172164452154,
        "B": 1.8859253227071866,
        "Ba": 3.9130158302968283,
        "Be": 2.17225234843256,
        "Bi": 3.255188508924174,
        "Br": 3.0811500793799715,
        "C": 1.776371264210382,
        "Ca": 3.495800345379541,
        "Cd": 2.9473774440504754,
        "Cl": 2.8393067367882936,
        "Co": 2.2515531302955796,
        "Cr": 2.320792807614484,
        "Cs": 5.0320567540686,
        "Cu": 2.3702681160376984,
        "F": 2.1389068107956755,
        "Fe": 2.2385062655292476,
        "Fr": 5.0672425509763706,
        "Ga": 2.673652392614551,
        "Ge": 2.6801758101639908,
        "H": 1.454328405436797,
        "Hf": 2.89781710453591,
        "Hg": 3.017865281002238,
        "I": 3.45343900718013,
        "In": 3.044031150542902,
        "Ir": 2.5527385799478757,
        "K": 4.303440216116747,
        "Li": 2.763859564164188,
        "Mg": 2.9950287260701502,
        "Mn": 2.2584928780524534,
        "Mo": 2.589344612254707,
        "N": 1.853027029268689,
        "Na": 3.413368552733787,
        "Nb": 2.709953949984531,
        "Ni": 2.2916797189922984,
        "O": 1.9720041247512348,