{
    "BCC": {
        "Ac": 4.514577581445063,
        "Dy": 3.997767921354576,
        "Er": 4.061161307240035,
        "Es": 4.028989396180268,
        "Fm": 4.059077338119732,
        "Gd": 4.05118595558544,
        "Ho": 4.024715718769532,
        "La": 4.231362354987927,
        "Md": 4.188305335566944,
        "Pr": 3.890330197121401,
        "Tb": 4.02965583943465,
        "Tm": 4.0925882354916965
    },
    "Diamond": {
        "Bk": 6.046746697039756,
        "Ce": 6.238235447811117,
        "Cf": 5.922602945928328,
        "Dy": 6.211981686168535,
        "Er": 8.535173282171499,
        "Es": 6.047712542793629,
        "Md": 8.823291089998763,
        "Nd": 6.081914000935803,
        "Pm": 6.226676247348083,
        "Pr": 6.055154771643157,
        "Pt": 5.779066431278031,
        "Tb": 6.1275908628216635,
        "Tm": 8.671075830095116,
        "U": 5.830811063750396
    },
    "FCC": {
        "Cf": 4.640125343423337,
        "Dy": 5.091150615473922,
        "Er": 5.138121616777931,
        "Es": 4.903326909049237,
        "Fm": 5.036062999988067,
        "Gd": 5.092574610050571,
        "Ho": 5.063236848494878,
        "Md": 5.238134837218674,
        "Np": 4.3876402446492655,
        "Pr": 4.8691478142946965,
        "Tb": 5.036217557610991,
        "Tm": 5.200690736645013,
        "U": 4.438526010191921
    },
    "SC": {
        "Dy": 3.2160189603306146,
        "Er": 3.3409736962981325,
        "Fm": 3.232552816406999,
        "Ho": 3.33370718029219,
        "Md": 3.5159104214031305,
        "Tb": 3.2245869711222355,
        "Tm": 3.345806589368916
    }
}