{
    "BCC": {
        "Ac": 4.408995580740399,
        "Ag": 3.224414385149219,
        "Al": 3.2123002945432755,
        "Am": 3.129509544541128,
        "Ar": 4.693550806622258,
        "As": 3.3122425448645085,
        "At": 4.1875891039254105,
        "Au": 3.243919812469501,
        "B": 2.2971751140532146,
        "Ba": 4.8811451774421455,
        "Be": 2.4922778778427332,
        "Bi": 3.9171804282779625,
        "Bk": 3.1749302937243784,
        "Br": 3.645780390452916,
        "C": 2.3426398467453886,
        "Ca": 4.323885796869198,
        "Cd": 3.4944330046111545,
        "Ce": 3.649348190224489,
        "Cf": 3.252162643356327,
        "Cl": 3.3786212517290153,
        "Cm": 3.1379012945771216,
        "Co": 2.7237755748968513,
        "Cr": 2.8142778202973777,
        "Cs": 6.0093265213790446,
        "Cu": 2.8321565184538553,
        "Dy": 3.839551584369353,
        "Er": 3.9391623687463557,
        "Es": 3.3853289249813963,
        "Eu": 3.3199313009404166,
        "F": 2.6368341355860254,
        "Fe": 2.7231453931505967,
        "Fm": 3.6005233728879116,
        "Fr": 5.949641296360713,
        "Ga": 3.300444317811927,
        "Gd": 3.6040263158042154,
        "Ge": 3.3183514059960735,
        "H": 1.7991075137441428,
        "He": 3.440229343787497,
        "Hf": 3.4914623820436446,
        "Hg": 3.6316192733324804,
        "Ho": 3.898509552831126,
        "I": 4.029572940023983,
        "In": 3.723763617033896,
        "Ir": 3.07683515256943,
        "K": 5.215399228209852,
        "Kr": 4.938528532595622,
        "La": 4.114829538829826,
        "Li": 3.433827413381655,
        "Lr": 3.848494629507088,
        "Lu": 3.8213817777019963,
        "Md": 3.8903715668604306,
        "Mg": 3.555747162227646,
        "Mn": 2.7494279475113554,
        "Mo": 3.129894278476215,
        "N": 2.3947566343512157,
        "Na": 4.171663095112339,
        "Nb": 3.2720106630481745,
        "Nd": 3.3188247564413693,
        "Ne": 3.7461092536135006,
        "Ni": 2.7492436174852464,
        "No": 4.105875134811917,
        "Np": 3.2324365486185296,
        "O": 2.445697881936305,
        "Os": 3.0622723541965375,
        "P": 3.0133898918303235,
        "Pa": 3.604376602663928,
        "Pb": 3.912504822646559,
        "Pd": 3.0841483471228663,
        "Pm": 3.2613194646759482,
        "Po": 3.9644415619204483,
        "Pr": 3.434881481814456,
        "Pt": 3.122056254884067,
        "Pu": 3.156438623557017,
        "Ra": 5.06044461950929,
        "Rb": 5.568800122357774,
        "Re": 3.0861895411866826,
        "Rh": 3.029123471830531,
        "Rn": 5.201292356329343,
        "Ru": 3.0185189512810937,
        "S": 3.0983135877845136,
        "Sb": 3.7299721842305673,
        "Sc": 3.628302294037185,
        "Se": 3.3765981973096912,
        "Si": 3.056031543236179,
        "Sm": 3.2547175709806075,
        "Sn": 3.7386661903186913,
        "Sr": 4.674685493306051,
        "Ta": 3.281163539369547,
        "Tb": 3.753242112946042,
        "Tc": 3.049265625040707,
        "Te": 3.781210251505985,
        "Th": 3.9516558142887823,
        "Ti": 3.210735035646021,
        "Tl": 3.8527781527245586,
        "Tm": 3.967405489632359,
        "U": 3.372361151667507,
        "V": 2.9588335198856526,
        "W": 3.154629111167458,
        "Xe": 5.2258298409883865,
        "Y": 3.974716247536984,
        "Yb": 3.9901883896353847,
        "Zn": 3.059250561219473,
        "Zr": 3.521223820550579
    },
    "Diamond": {
        "Ac": 7.819028753352968,
        "Ag": 6.039135232993416,
        "Al": 5.994108105000453,
        "Am": 5.309757717341853,
        "Ar": 9.161297621199495,
        "As": 6.009943267484357,
        "At": 7.931260364141735,
        "Au": 6.026303432611281,
        "B": 4.031898767864466,
        "Ba": 7.405484714398227,
        "Be": 4.87413476913127,
        "Bi": 7.16837450130545,
        "Bk": 5.331186944603229,
        "Br": 6.838597804918753,
        "C": 3.5541062620657082,
        "Ca": 8.434299679084203,
        "Cd": 6.447407478202375,
        "Ce": 6.1329677586481735,
        "Cf": 5.42089852283453,
        "Cl": 6.3018257639089414,
        "Cm": 5.289970352826277,
        "Co": 4.84227681657802,
        "Cr": 5.007918834247585,
        "Cs": 11.125886155054408,
        "Cu": 5.232302772869743,
        "Dy": 5.5149622838609185,
        "Er": 5.8489479604057,
        "Es": 5.594977798210984,
        "Eu": 5.382939552483549,
        "F": 4.772704308254069,
        "Fe": 4.803547393216984,
        "Fm": 5.9733890548688064,
        "Fr": 11.159995392016093,
        "Ga": 5.757291445721191,
        "Gd": 5.391901073626716,
        "Ge": 5.676316441067061,
        "H": 2.99284396848096,
        "He": 6.616486385208813,
        "Hf": 6.371857544571653,
        "Hg": 6.621297233355946,
        "Ho": 5.635398959202038,
        "I": 7.661786758025381,
        "In": 6.564089503817196,
        "Ir": 5.5073520317138085,
        "K": 9.437166399441999,
        "Kr": 9.715199758392904,
        "La": 6.567617234211117,
        "Li": 5.884374989758968,
        "Lr": 7.384620021551447,
        "Lu": 7.168936164789887,
        "Md": 8.098046625309342,
        "Mg": 6.775585229582638,
        "Mn": 4.882082423012734,
        "Mo": 5.611227701001692,
        "N": 4.1291010799754275,
        "Na": 7.490042881934023,
        "Nb": 5.808201406614768,
        "Nd": 5.643767782026647,
        "Ne": 7.24333318651014,
        "Ni": 4.998863776601675,
        "No": 8.982662029841626,
        "Np": 5.4974226377146245,
        "O": 4.339042512253937,
        "Os": 5.502168975261081,
        "P": 5.378913003458094,
        "Pa": 6.150082563689352,
        "Pb": 6.913274962679176,
        "Pd": 5.68582135358508,
        "Pm": 5.483870641786473,
        "Po": 7.361643274797914,
        "Pr": 5.8520962970555095,
        "Pt": 5.690571722654432,
        "Pu": 5.379558234016435,
        "Ra": 10.584978358776988,
        "Rb": 10.154315156039189,
        "Re": 5.5946239005978775,
        "Rh": 5.43358283476686,
        "Rn": 10.492156176399364,
        "Ru": 5.391307956784718,
        "S": 5.681649649235761,
        "Sb": 6.871817758977155,
        "Sc": 6.261270517491432,
        "Se": 6.222744843651289,
        "Si": 5.432809156379736,
        "Sm": 5.4127053743790725,
        "Sn": 6.540229266476977,
        "Sr": 9.392503640055592,
        "Ta": 6.00048911880458,
        "Tb": 5.437005623595607,
        "Tc": 5.476791599509176,
        "Te": 7.060605738495272,
        "Th": 6.984629229961631,
        "Ti": 5.519666421622141,
        "Tl": 6.878748910248233,
        "Tm": 8.250986620674004,
        "U": 5.761836251502942,
        "V": 5.187111380406879,
        "W": 5.75623597606242,
        "Xe": 10.441950845235402,
        "Y": 6.826815502208106,
        "Yb": 8.359968430975881,
        "Zn": 5.655685821663032,
        "Zr": 6.139374614683938
    },
    "FCC": {
        "Ac": 5.530777546158397,
        "Ag": 4.053757522665662,
        "Al": 4.015115697153639,
        "Am": 4.023250495289079,
        "Ar": 5.856467897376984,
        "As": 4.192179048650277,
        "At": 5.2308406814604425,
        "Au": 4.083507553763645,
        "B": 2.8564590015750047,
        "Ba": 6.161411738762975,
        "Be": 3.1467437999139936,
        "Bi": 4.943840812098265,
        "Bk": 4.060525847751294,
        "Br": 4.566453512369701,
        "C": 3.0349626477509823,
        "Ca": 5.455191248948367,
        "Cd": 4.376127693307777,
        "Ce": 4.580896852960483,
        "Cf": 4.145645970114064,
        "Cl": 4.238623692149759,
        "Cm": 4.023746890042214,
        "Co": 3.4066447853613,
        "Cr": 3.5789139530421785,
        "Cs": 7.584203739762028,
        "Cu": 3.5634940430717337,
        "Dy": 4.814397316331321,
        "Er": 4.985226322681059,
        "Es": 4.295034603219698,
        "Eu": 4.3446586646730205,
        "F": 3.32462733242227,
        "Fe": 3.405300592928327,
        "Fm": 4.5528415339484125,
        "Fr": 7.517559304138736,