{
  "BCC": {
    "Ac": 4.513323490850105,
    "Ag": 3.301932076932356,
    "Al": 3.2348460420553424,
    "Am": 3.1885408829375352,
    "Ar": 4.7476257546035985,
    "As": 3.3660709453048536,
    "At": 4.306818645806006,
    "Au": 3.3031366455744164,
    "B": 2.3072886869870524,
    "Ba": 5.021781958520815,
    "Be": 2.5002846266158176,
    "Bi": 3.985865400357807,
    "Br": 3.7695116956242005,
    "C": 2.374791853401747,
    "Ca": 4.384930071806476,
    "Cd": 3.603272756053112,
    "Ce": 3.792353161630327,
    "Cl": 3.501412403555454,
    "Cm": 3.2041078774536,
    "Co": 2.763092301985143,
    "Cr": 2.848429735939634,
    "Cs": 6.155138256271404,
    "Cu": 2.8849168140083243,
    "Dy": 4.010020248599529,
    "Er": 4.078246926612154,
    "Eu": 3.73852618653571,
    "F": 2.7218093226929057,
    "Fe": 2.7594868335802696,
    "Fr": 6.15308985807955,
    "Ga": 3.37350240400626,
    "Gd": 3.8677052260611804,
    "Ge": 3.377480004033561,
    "H": 1.8098073504339365,
    "He": 3.3095318765612913,
    "Hf": 3.546371077985602,
    "Hg": 3.8742761489300945,
    "Ho": 4.051308149164782,
    "I": 4.159457814492432,
    "In": 3.8151952160137768,
    "Ir": 3.1122209708457107,
    "K": 5.284924659706153,
    "Kr": 5.134035877832638,
    "La": 4.228814397123734,
    "Li": 3.4350427371797747,
    "Lu": 3.8964979704199174,
    "Mg": 3.5794695995262757,
    "Mn": 2.7838059963992805,
    "Mo": 3.161077247105843,
    "N": 2.436894122153806,
    "Na": 4.1981876891836745,
    "Nb": 3.309826165433999,
    "Nd": 3.475127514560348,
    "Ne": 3.669425076342818,
    "Ni": 2.7935615153198796,
    "Np": 3.2889196794814906,
    "O": 2.4983673939436795,
    "Os": 3.092523979662154,
    "P": 3.057568044359025,
    "Pa": 3.670786075672993,
    "Pb": 3.9999371975871414,
    "Pd": 3.137446854083959,
    "Pm": 3.433667722734013,
    "Po": 4.036720804519041,
    "Pr": 3.5892646328442392,
    "Pt": 3.164750105334101,
    "Pu": 3.213625776947442,
    "Ra": 5.2163233785655745,
    "Rb": 5.672808738897967,
    "Re": 3.1144642982399864,
    "Rh": 3.070813806313498,
    "Rn": 5.760511234648478,
    "Ru": 3.0538699381341416,
    "S": 3.1573179581981523,
    "Sb": 3.7875934244477145,
    "Sc": 3.6783372923000455,
    "Se": 3.439108092856562,
    "Si": 3.0840769560626455,
    "Sm": 3.5102587370851404,
    "Sn": 3.8085475595370584,
    "Sr": 4.763706913686674,
    "Ta": 3.3196547280556703,
    "Tb": 3.9529145860283963,
    "Tc": 3.0810165741070907,
    "Te": 3.8502444863089966,
    "Th": 4.027793270903301,
    "Ti": 3.2565511166170666,
    "Tl": 3.9775533271430445,
    "Tm": 4.095728021320522,
    "U": 3.4319820247548902,
    "V": 2.9970398103823097,
    "W": 3.184483389631434,
    "Xe": 5.630992001003075,
    "Y": 4.042470057224727,
    "Yb": 4.099821982958273,
    "Zn": 3.131375062696895,
    "Zr": 3.5754176484040645
  },
  "Diamond": {
    "Ac": 8.028306909738472,
    "Ag": 6.217344174676676,
    "Al": 6.044649354090584,
    "Am": 5.366147315994074,
    "Ar": 9.254113704015042,
    "As": 6.112308477165913,
    "At": 8.12128775330983,
    "Au": 6.163325157123509,
    "B": 4.051417626887966,
    "Ba": 7.680691979922485,
    "Be": 4.89815355468982,
    "Bi": 7.295856179439635,
    "Br": 7.011024447937073,
    "C": 3.57214435987113,
    "Ca": 8.619408205521463,
    "Cd": 6.682086806004477,
    "Ce": 6.228023668648564,
    "Cl": 6.463858136636211,
    "Cm": 5.345758822954766,
    "Co": 4.920186178122646,
    "Cr": 5.096547387479578,
    "Cs": 11.475624806286458,
    "Cu": 5.353478022233413,
    "Dy": 5.69080363566388,
    "Er": 8.629565146229528,
    "Eu": 5.491905777269372,
    "F": 4.877223227444118,
    "Fe": 4.873407831099794,
    "Fr": 11.5419411733427,
    "Ga": 5.881452616656375,
    "Gd": 5.515301910634303,
    "Ge": 5.762771637545681,
    "H": 3.0145473107775,
    "He": 6.360257645844108,
    "Hf": 6.548533608103032,
    "Hg": 7.674617307429143,
    "Ho": 5.882742311459205,
    "I": 7.854491228489847,
    "In": 6.732017816071172,
    "Ir": 5.571017678657994,
    "K": 9.644095383844519,
    "Kr": 10.006603442690988,
    "La": 6.685498003396034,
    "Li": 5.900644960951746,
    "Lu": 7.3971526772590455,
    "Mg": 6.8625196039809815,
    "Mn": 4.952022746613164,
    "Mo": 5.68962072937454,
    "N": 4.187273466022187,
    "Na": 7.579474831272327,
    "Nb": 5.911552593826125,
    "Nd": 5.734591516554923,
    "Ne": 7.0899811890192375,
    "Ni": 5.092667121373408,
    "Np": 5.559391969796123,
    "O": 4.404686543414412,
    "Os": 5.5582782741336665,
    "P": 5.486043502555351,
    "Pa": 6.261719477125424,
    "Pb": 7.061487879552601,
    "Pd": 5.810392708826729,
    "Pm": 5.576430026432906,
    "Po": 7.487673869386581,
    "Pr": 5.9430114543452,
    "Pt": 5.779213592191875,
    "Pu": 5.436564117778341,
    "Ra": 11.07220831771457,
    "Rb": 10.423262930566294,
    "Re": 5.652929601538523,
    "Rh": 5.5143104785962365,
    "Rn": 11.243495193562147,
    "Ru": 5.456476247320668,
    "S": 5.792468620070986,
    "Sb": 6.99469947860569,
    "Sc": 6.505868006209225,
    "Se": 6.332927242423738,
    "Si": 5.470205139257224,
    "Sm": 5.511105640861437,
    "Sn": 6.654966163800326,
    "Sr": 9.64174724631162,
    "Ta": 6.103450335147194,
    "Tb": 5.580361834429668,
    "Tc": 5.540366757091629,
    "Te": 7.1875440040185,
    "Th": 7.1795101988111405,
    "Ti": 5.683099054864922,
    "Tl": 7.125100835558353,
    "Tm": 8.676482101382287,
    "U": 5.833838599977351,
    "V": 5.302920048022906,
    "W": 5.831521951336921,
    "Xe": 10.994396601756758,
    "Y": 7.050376725056671,
    "Yb": 8.690035376067112,
    "Zn": 5.823378452377595,
    "Zr": 6.281107732537752
  },
  "FCC": {
    "Ac": 5.6691806670193525,
    "Ag": 4.147751489057779,
    "Al": 4.040422065344999,
    "Am": 4.110513757453438,
    "Ar": 5.937575351452682,
    "As": 4.254436038429107,
    "At": 5.384389580597953,
    "Au": 4.157343416819625,
    "B": 2.8674357880255616,
    "Ba": 6.357031030168741,
    "Be": 3.1580501720099923,
    "Bi": 5.027625455380586,
    "Br": 4.72727672214769,
    "C": 3.081478237814643,
    "Ca": 5.526675472336521,
    "Cd": 4.504589810414105,
    "Ce": 4.7346221057028846,
    "Cl": 4.399978695799154,
    "Cm": 4.120310631605463,
    "Co": 3.4552997902144145,
    "Cr": 3.623481171590271,
    "Cs": 7.779683792308827,
    "Cu": 3.630265755538181,
    "Dy": 5.064320040256916,
    "Er": 5.183161368493307,
    "Eu": 4.640021041177617,
    "F": 3.436296795485105,
    "Fe": 3.4500905925902376,
    "Fr": 7.76848843662512,
    "Ga": 4.228338308801653,
    "Gd": 4.818135097003216,
    "Ge": 4.280754380388377,
    "H": 2.2801906726020853,
    "He": 4.147510499060537,
    "Hf": 4.4858275386674995,
    "Hg": 5.058681272339323,
    "Ho": 5.13680245700664,
    "I": 5.1984261338063,
    "In": 4.790549071173977,
    "Ir": 3.872475933406914,
    "K": 6.664303907697038,
    "Kr": 6.421096960696058,
    "La": 5.287443777150102,
    "Li": 4.3241023613452745,
    "Lu": 4.874850656946169,
    "Mg": 4.521894528785539,
    "Mn": 3.503773021597902,
    "Mo": 4.003759366105811,
    "N": 3.12177102379073,
    "Na": 5.294662229542288,
    "Nb": 4.218188646349276,
    "Nd": 4.498853053154805,
    "Ne": 4.595705315686963,
    "Ni": 3.512981496987267,
    "Np": 4.25719595361956,
    "O": 3.1750564610402194,
    "Os": 3.8570121538285385,
    "P": 3.878641802285477,
    "Pa": 4.660201780165282,
    "Pb": 5.046557759639157,
    "Pd": 3.9421759909573524,
    "Pm": 4.464317653243676,
    "Po": 5.06810348253517,
    "Pr": 4.585025946050256,
    "Pt": 3.971090892208292,
    "Pu": 4.144840609717784,
    "Ra": 6.591330272799612,
    "Rb": 7.150167402916736,
    "Re": 3.916441922713476,
    "Rh": 3.8308920394067876,
    "Rn": 7.194883259155684,
    "Ru": 3.8113225175981507,
    "S": 3.9902267229715727,
    "Sb": 4.791033592914973,
    "Sc": 4.622061823858731,
    "Se": 4.336696537330171,
    "Si": 3.8691231958279184,
    "Sm": 4.502872310393402,
    "Sn": 4.816125942558292,
    "Sr": 6.033549344372647,
    "Ta": 4.223584667942213,
    "Tb": 4.96148437656811,