{
    "BCC": {
        "Ac": 4.5406874765759095,
        "Ag": 3.267710975161375,
        "Al": 3.1904803222453255,
        "Am": 3.1441970527036225,
        "Ar": 4.363605322287478,
        "As": 3.351759684386425,
        "At": 4.3124837603894735,
        "Au": 3.2797003964572027,
        "B": 2.293615938708804,
        "Ba": 5.0683765619800845,
        "Be": 2.500921164143389,
        "Bi": 3.9665261673036265,
        "Bk": 3.2078361818409036,
        "Br": 3.74781495897067,
        "C": 2.387908358555929,
        "Ca": 4.424044118874992,
        "Cd": 3.5373489378626983,
        "Ce": 3.741346113935702,
        "Cf": 3.3451685863004643,
        "Cl": 3.467676031518473,
        "Cm": 3.1581825803493815,
        "Co": 2.728064960190875,
        "Cr": 2.8297645461349283,
        "Cs": 6.265798558939326,
        "Cu": 2.8424657366465063,
        "Er": 4.050829642034352,
        "F": 2.6407700089420127,
        "Fe": 2.729019127335863,
        "Fm": 3.7422123143636665,
        "Fr": 6.235128188718499,
        "Ga": 3.313446873873501,
        "Ge": 3.34462491637167,
        "H": 1.8021867175538406,
        "Hf": 3.5405508249286135,
        "Hg": 3.781512773022322,
        "I": 4.161403412834954,
        "In": 3.763906353834173,
        "Ir": 3.089119254928107,
        "K": 5.350398778513576,
        "Kr": 4.703972702193204,
        "La": 4.249278734140828,
        "Li": 3.4760790124936887,
        "Lu": 3.8964176513016477,
        "Mg": 3.558475316472369,
        "Mn": 2.7599154552386795,
        "Mo": 3.1514390574444042,
        "N": 2.426549119385586,
        "Na": 4.2237302750901975,
        "Nb": 3.304292990396068,
        "Ne": 3.332714177453927,
        "Ni": 2.754568541971448,
        "No": 4.196448078679027,
        "Np": 3.255884396818564,
        "O": 2.4666660457821603,
        "Os": 3.071858544720438,
        "P": 3.0624399041225008,
        "Pa": 3.658914080725746,
        "Pb": 3.9623487364561396,
        "Pd": 3.111136422180283,
        "Po": 4.031517203586249,
        "Pr": 3.5202334473894976,
        "Pt": 3.1414579068723576,
        "Pu": 3.17097491972544,
        "Ra": 5.256118116327325,
        "Rb": 5.745136038834883,
        "Re": 3.096757624411769,
        "Rh": 3.0455826591307242,
        "Rn": 5.299280959723127,
        "Ru": 3.03284845347178,
        "S": 3.1651004150038258,
        "Sb": 3.7788169377860963,
        "Sc": 3.690106774283331,
        "Se": 3.4362266484362127,
        "Si": 3.046495023533583,
        "Sn": 3.7788752748486294,
        "Sr": 4.820614135841905,
        "Ta": 3.3053828590478047,
        "Tc": 3.0656377044207153,
        "Te": 3.85212902578712,
        "Th": 4.024672824176168,
        "Ti": 3.2540949879126835,
        "Tl": 3.9222020392330124,
        "Tm": 4.058419353478264,
        "U": 3.4093222931248452,
        "V": 2.9833336763566587,
        "W": 3.1696692251671106,
        "Xe": 5.188670074595703,
        "Y": 4.068025042956643,
        "Yb": 4.0741815881377015,
        "Zn": 3.068546859934532,
        "Zr": 3.581166023551874
    },
    "Diamond": {
        "Ac": 7.920937195312082,
        "Ag": 6.101035698999295,
        "Al": 6.029142968960548,
        "Am": 5.320524424413018,
        "As": 6.0623209337611605,
        "At": 8.092067290909148,
        "Au": 6.079073096499455,
        "B": 4.053257299771299,
        "Ba": 7.571712747700064,
        "Be": 4.930516075188621,
        "Bi": 7.23716909152689,
        "Bk": 5.338660702980341,
        "Br": 6.972781271328689,
        "C": 3.55980772072286,
        "Ca": 8.68840725494091,
        "Cd": 6.521371136485756,
        "Ce": 6.187243478951761,
        "Cf": 5.433513452167374,
        "Cl": 6.421337557382881,
        "Cm": 5.29699127303022,
        "Co": 4.851021897026839,
        "Cr": 5.044938566025802,
        "Cs": 11.417417249110512,
        "Cu": 5.251863590775838,
        "Es": 5.6321143988015345,
        "Eu": 5.72787068154013,
        "F": 4.779567456686614,
        "Fe": 4.812615593943225,
        "Fm": 6.057494829149642,
        "Fr": 11.47248451543186,
        "Ga": 5.777626074839083,
        "Gd": 5.715603292462949,
        "Ge": 5.679859505640833,
        "H": 2.9935591326134734,
        "Hf": 6.469042752131401,
        "Hg": 6.779529017408778,
        "I": 7.837779772655115,
        "In": 6.617227582636924,
        "Ir": 5.5270193950143325,
        "K": 9.674538839391731,
        "La": 6.663720748340911,
        "Li": 5.925818316014041,
        "Lu": 7.3618784493383425,
        "Mg": 6.856230700808923,
        "Mn": 4.8963484584419685,
        "Mo": 5.6507407848192,
        "Na": 7.641735415372138,
        "Nb": 5.8559253930574915,
        "Nd": 5.722384900050548,
        "Ni": 5.010713233461669,
        "No": 9.103627272902616,
        "Np": 5.524142134752205,
        "O": 4.352409383213521,
        "Os": 5.51921582031715,
        "P": 5.435783631033086,
        "Pa": 6.201044339044135,
        "Pb": 6.95905996750481,
        "Pd": 5.740471472282855,
        "Pm": 5.617165759864511,
        "Po": 7.446747303159678,
        "Pr": 5.897575693587094,
        "Pt": 5.723735016238681,
        "Pu": 5.397843037806966,
        "Ra": 11.139400328829897,
        "Rb": 10.43136093287564,
        "Re": 5.616602703002086,
        "Rh": 5.463212797280447,
        "Ru": 5.414739242026445,
        "S": 5.7619345688621735,
        "Sb": 6.942475650763526,
        "Sc": 6.338268739758544,
        "Se": 6.291470760583285,
        "Si": 5.446090894017559,
        "Sm": 5.690989228774171,
        "Sn": 6.569746029705537,
        "Sr": 9.70316214170013,
        "Ta": 6.055709172800392,
        "Tb": 5.726559155663136,
        "Tc": 5.504433086681398,
        "Te": 7.148783252441565,
        "Th": 7.095794617517219,
        "Ti": 5.553575278113205,
        "Tl": 6.95493082342924,
        "Tm": 8.606053004883368,
        "U": 5.793358253910801,
        "V": 5.227216955015567,
        "W": 5.791520423125502,
        "Xe": 10.751236507808272,
        "Y": 6.923494099829831,
        "Yb": 8.624776467492877,
        "Zn": 5.6913797711678376,
        "Zr": 6.189456488382418
    },
    "FCC": {
        "Ac": 5.69387010634291,
        "Ag": 4.1070179039016415,
        "Al": 3.9961720835266292,
        "Am": 4.063982942621321,
        "Ar": 5.44209040850898,
        "As": 4.242418877504224,
        "At": 5.401812531539033,
        "Au": 4.126981420076036,
        "B": 2.8551337210879875,
        "Ba": 6.444493118563343,
        "Be": 3.1597790585444665,
        "Bi": 5.006918666859517,
        "Bk": 4.123241118594967,
        "Br": 4.7081407369190735,
        "C": 3.097671198959901,
        "Ca": 5.566969481142368,
        "Cd": 4.432090228515525,
        "Ce": 4.6656893846683305,
        "Cf": 4.263131842411439,
        "Cl": 4.362578130417015,
        "Cm": 4.07011004841851,
        "Co": 3.413322691014734,
        "Cr": 3.5979689623999023,
        "Cs": 7.918300070803633,
        "Cu": 3.5770986094085866,
        "Er": 5.159586850276534,
        "Es": 4.460406456683731,
        "F": 3.332197372191778,
        "Fe": 3.412741707713477,
        "Fm": 4.732244375835682,
        "Fr": 7.872141624231231,
        "Ga": 4.150326540600933,
        "Ge": 4.237901371275943,
        "H": 2.271374048833147,
        "Hf": 4.479326699802867,
        "I": 5.214779038934563,
        "In": 4.72294743000058,
        "Ir": 3.8462483363233977,
        "K": 6.748759540645336,
        "Kr": 5.867743998360658,
        "La": 5.290893379508345,
        "Li": 4.377297415612176,
        "Lu": 4.884040671827801,
        "Mg": 4.498966808317661,
        "Mn": 3.472388523065859,
        "Mo": 3.9888379130163716,
        "N": 3.110542807859742,
        "Na": 5.3238687463683085,
        "Nb": 4.213836580703028,
        "Nd": 4.361668896118837,
        "Ne": 4.169745580425604,
        "Ni": 3.465284570699307,
        "No": 5.323957696447501,
        "Np": 4.212073506151696,
        "O": 3.1381172280450715,
        "Os": 3.8334645678242105,
        "P": 3.8884709678052,