{
    "BCC": {
        "Ac": 4.357019876452139,
        "Ag": 3.1828450687363987,
        "Al": 3.1883907648188567,
        "Am": 3.108614235711799,
        "Ar": 3.947535971583552,
        "As": 3.2939425768647816,
        "At": 4.150547286131462,
        "Au": 3.2156016883027285,
        "B": 2.280053466967064,
        "Ba": 4.757019219658136,
        "Be": 2.4609510461549307,
        "Bi": 3.886989379752921,
        "Bk": 3.1366685793542373,
        "Br": 3.5970920685687484,
        "C": 2.327598906422075,
        "Ca": 4.219858799779739,
        "Cd": 3.437101844736835,
        "Ce": 3.596370228541397,
        "Cf": 3.1929119514212214,
        "Cl": 3.3239406206305886,
        "Cm": 3.1108042730631085,
        "Co": 2.6959063696769903,
        "Cr": 2.7888038838258353,
        "Cs": 5.765641099927836,
        "Cu": 2.796059061280227,
        "Dy": 3.69307697392956,
        "Er": 3.8124899100207394,
        "Es": 3.2904877894345206,
        "Eu": 3.2224826077670237,
        "F": 2.5618052482998106,
        "Fe": 2.697421464611562,
        "Fm": 3.4470540738060045,
        "Fr": 5.711094247729432,
        "Ga": 3.2634254904452855,
        "Gd": 3.3582225094337352,
        "Ge": 3.2935480571407374,
        "H": 1.7987162893430586,
        "He": 2.7495718669771896,
        "Hf": 3.443533839439823,
        "Hg": 3.5600820865981575,
        "Ho": 3.7635603983165358,
        "I": 3.990604571618301,
        "In": 3.676838410036113,
        "Ir": 3.0606324279082333,
        "K": 5.0438214878457615,
        "Kr": 4.261146701827342,
        "La": 4.0480462744885655,
        "Li": 3.3633284543692246,
        "Lr": 3.7557070174360305,
        "Lu": 3.7410691455448415,
        "Md": 3.6829516245822163,
        "Mg": 3.508580735212051,
        "Mn": 2.7247784961839066,
        "Mo": 3.1118192777335865,
        "N": 2.374497101774288,
        "Na": 4.053253014693409,
        "Nb": 3.247539638285192,
        "Nd": 3.2722732564191426,
        "Ne": 3.0810664145232054,
        "Ni": 2.718273376939503,
        "No": 3.94869747430503,
        "Np": 3.2134795300276227,
        "O": 2.414245416880822,
        "Os": 3.0473420275814083,
        "P": 3.006604393907613,
        "Pa": 3.579341755805354,
        "Pb": 3.869087170705455,
        "Pd": 3.055484231375054,
        "Pm": 3.2104632123121752,
        "Po": 3.9408626677516545,
        "Pr": 3.3870243036367125,
        "Pt": 3.1023468950120843,
        "Pu": 3.137720330627495,
        "Ra": 4.9518412977398,
        "Rb": 5.374481729327468,
        "Re": 3.071055636964377,
        "Rh": 3.0073169500454284,
        "Rn": 4.819800857735025,
        "Ru": 3.000265544871058,
        "S": 3.083405337708307,
        "Sb": 3.7081262162058892,
        "Sc": 3.5677112588327855,
        "Se": 3.3573115657116404,
        "Si": 3.044984292456512,
        "Sm": 3.193915737638811,
        "Sn": 3.7072312141687562,
        "Sr": 4.570184934108524,
        "Ta": 3.25262136485439,
        "Tb": 3.5838335728520683,
        "Tc": 3.0323722214604545,
        "Te": 3.762333097592164,
        "Th": 3.9214912358125353,
        "Ti": 3.1660239257667073,
        "Tl": 3.793032653398321,
        "Tm": 3.8479132827255103,
        "U": 3.3519218030548337,
        "V": 2.9265339695966133,
        "W": 3.1356249852038527,
        "Xe": 4.681288348353473,
        "Y": 3.9115799230033077,
        "Yb": 3.8799207204898125,
        "Zn": 3.0136131765364627,
        "Zr": 3.48219437006706
    },
    "Diamond": {
        "Ac": 7.709614639999688,
        "Ag": 5.931553088080615,
        "Al": 5.94838448664478,
        "Am": 5.281832258328816,
        "Ar": 7.8353715428565645,
        "As": 5.962133868796147,
        "At": 7.8239493446525055,
        "Au": 5.953248589090482,
        "B": 4.002074428597779,
        "Ba": 7.2815279825030315,
        "Be": 4.824907771305029,
        "Bi": 7.102665898919348,
        "Bk": 5.291074961277547,
        "Br": 6.721789637374406,
        "C": 3.532330238196842,
        "Ca": 8.26533221013433,
        "Cd": 6.313410604402058,
        "Ce": 6.096068183032948,
        "Cf": 5.364605687432602,
        "Cl": 6.182599362334133,
        "Cm": 5.257919717385877,
        "Co": 4.787811976811687,
        "Cr": 4.939101981611638,
        "Cs": 10.79291271776494,
        "Cu": 5.149943858404282,
        "Dy": 5.4294379293706845,
        "Er": 5.66183256952182,
        "Es": 5.508786105695941,
        "Eu": 5.336189203751613,
        "F": 4.6508957890021945,
        "Fe": 4.753431377411142,
        "Fm": 5.777226492872728,
        "Fr": 10.834956918329466,
        "Ga": 5.678313350718469,
        "Gd": 5.335989360625316,
        "Ge": 5.623395231740131,
        "H": 2.9897519761732703,
        "He": 5.490154080283514,
        "Hf": 6.2213703550192365,
        "Hg": 6.442369068790889,
        "Ho": 5.520930207714446,
        "I": 7.547622391006727,
        "In": 6.464772925401036,
        "Ir": 5.476556970802946,
        "K": 9.16341239379291,
        "Kr": 8.467781993342458,
        "La": 6.517021445965731,
        "Li": 5.697707903182376,
        "Lr": 7.178106993647308,
        "Lu": 6.877252239713575,
        "Md": 6.4808825696963055,
        "Mg": 6.696726123234273,
        "Mn": 4.830062890698796,
        "Mo": 5.569427611277178,
        "N": 4.092509315532018,
        "Na": 7.294603226404561,
        "Nb": 5.7535176333058,
        "Nd": 5.609252348849651,
        "Ne": 6.069886250722219,
        "Ni": 4.933708608949762,
        "No": 8.695982485667525,
        "Np": 5.475125161863552,
        "O": 4.290037078690857,
        "Os": 5.473178797672603,
        "P": 5.344258962678141,
        "Pa": 6.116626904506725,
        "Pb": 6.8297350915439,
        "Pd": 5.616437374982244,
        "Pm": 5.447793179321884,
        "Po": 7.299789138825623,
        "Pr": 5.817805353713044,
        "Pt": 5.647039142801343,
        "Pu": 5.353669421580329,
        "Ra": 10.328020865206092,
        "Rb": 9.851761242151467,
        "Re": 5.561073158080302,
        "Rh": 5.390680188730431,
        "Rn": 9.594487777187398,
        "Ru": 5.3571603887348935,
        "S": 5.634889666389252,
        "Sb": 6.81449760548825,
        "Sc": 5.983563521247035,
        "Se": 6.169433630985832,
        "Si": 5.401141452800601,
        "Sm": 5.372666530149073,
        "Sn": 6.474182629009536,
        "Sr": 9.230541704417503,
        "Ta": 5.929127425542847,
        "Tb": 5.369423841402323,
        "Tc": 5.442606164440668,
        "Te": 7.0025420757324035,
        "Th": 6.896171721645339,
        "Ti": 5.346236933815772,
        "Tl": 6.747931957713681,
        "Tm": 5.928367597292467,
        "U": 5.73783966924744,
        "V": 5.095484150317399,
        "W": 5.71003822368268,
        "Xe": 9.341327428639188,
        "Y": 6.635292109367346,
        "Yb": 8.093591587796682,
        "Zn": 5.552198413105013,
        "Zr": 6.052655847634981
    },
    "FCC": {
        "Ac": 5.460980393622466,
        "Ag": 4.00144983503522,
        "Al": 3.983728359919237,
        "Am": 3.990148966898676,
        "Ar": 4.938485405276203,
        "As": 4.169905629123091,
        "At": 5.185783678719576,
        "Au": 4.048819043727355,
        "B": 2.8352888631649606,
        "Ba": 5.984877751430051,
        "Be": 3.1060338369336264,
        "Bi": 4.905794488831018,
        "Bk": 4.009341050079828,
        "Br": 4.505583335672667,
        "C": 3.0154225740827854,
        "Ca": 5.33812729754442,
        "Cd": 4.305870661753853,
        "Ce": 4.520155432809588,
        "Cf": 4.071022300334364,
        "Cl": 4.1687830020781425,
        "Cm": 3.985101554833957,
        "Co": 3.3725344006529556,
        "Cr": 3.544733811194554,
        "Cs": 7.281972942773401,
        "Cu": 3.51799025465292,
        "Dy": 4.614338210652927,
        "Er": 4.799569685290751,
        "Es": 4.179853976361945,
        "Eu": 4.213407638834895,
        "F": 3.227353636699869,
        "Fe": 3.373787891805637,
        "Fm": 4.359852680165665,
        "Fr": 7.228564370107293,
        "Ga": 4.092390705848537,