{
    "BCC": {
        "Ac": 4.357019910047666,
        "Ag": 3.18284527588689,
        "Al": 3.188390779884839,
        "Am": 3.1086142400383947,
        "Ar": 3.947535972607677,
        "As": 3.2939425870351937,
        "At": 4.150547315830431,
        "Au": 3.215601704866183,
        "B": 2.2800535024413016,
        "Ba": 4.757019247664272,
        "Be": 2.460951053994981,
        "Bi": 3.886989467771424,
        "Bk": 3.1366685808845225,
        "Br": 3.597092069118268,
        "C": 2.3275989104382293,
        "Ca": 4.2198588007068265,
        "Cd": 3.4371018884795252,
        "Ce": 3.596370231238946,
        "Cf": 3.1929119645622994,
        "Cl": 3.3239406207290676,
        "Cm": 3.1108042810515526,
        "Co": 2.6959063747360204,
        "Cr": 2.788803884601892,
        "Cs": 5.765642109814441,
        "Cu": 2.7960590663986546,
        "Dy": 3.693076982280583,
        "Er": 3.812489913065656,
        "Es": 3.290487952815616,
        "Eu": 3.222482673125111,
        "F": 2.561805248867709,
        "Fe": 2.6974214754214207,
        "Fm": 3.4470547114015746,
        "Fr": 5.711094256392127,
        "Ga": 3.2634255193183024,
        "Gd": 3.3582232506665246,
        "Ge": 3.2935481972130334,
        "H": 1.7987163012034029,
        "He": 2.749571895900237,
        "Hf": 3.4435338397944717,
        "Hg": 3.560082139016431,
        "Ho": 3.763560402833053,
        "I": 3.9906045792826235,
        "In": 3.6768384764275672,
        "Ir": 3.060632430046341,
        "K": 5.043821488300054,
        "Kr": 4.261146702483713,
        "La": 4.048046300787121,
        "Li": 3.3633284618441373,
        "Lr": 3.7557070422090844,
        "Lu": 3.7410691462745143,
        "Md": 3.6829531596397502,
        "Mg": 3.508580922167935,
        "Mn": 2.724778502995759,
        "Mo": 3.1118192837234533,
        "N": 2.374497102207396,
        "Na": 4.053253020549672,
        "Nb": 3.2475396446283247,
        "Nd": 3.2722732569594064,
        "Ne": 3.0810664412333755,
        "Ni": 2.7182733801267833,
        "No": 3.948698167865559,
        "Np": 3.2134795636634506,
        "O": 2.4142454181506543,
        "Os": 3.0473420308754062,
        "P": 3.006604394794449,
        "Pa": 3.5793420173358568,
        "Pb": 3.86908718396586,
        "Pd": 3.0554842354624,
        "Pm": 3.210463213308525,
        "Po": 3.940862862052365,
        "Pr": 3.3870243061767162,
        "Pt": 3.102346914729599,
        "Pu": 3.137720346203288,
        "Ra": 4.951841364462754,
        "Rb": 5.374481731311048,
        "Re": 3.071055716223818,
        "Rh": 3.0073169554188843,
        "Rn": 4.819800890045148,
        "Ru": 3.0002655507158273,
        "S": 3.083405747523309,
        "Sb": 3.7081262396213694,
        "Sc": 3.567711260301974,
        "Se": 3.357311589511814,
        "Si": 3.0449842938050717,
        "Sm": 3.1939157514384324,
        "Sn": 3.707231257471768,
        "Sr": 4.570184940818364,
        "Ta": 3.2526213654464273,
        "Tb": 3.5838344198547665,
        "Tc": 3.0323722242816906,
        "Te": 3.76233313989296,
        "Th": 3.92149153296273,
        "Ti": 3.16602392698255,
        "Tl": 3.793032729644291,
        "Tm": 3.8479132853506672,
        "U": 3.351921858963549,
        "V": 2.9265339734392035,
        "W": 3.135624985775382,
        "Xe": 4.681288350469816,
        "Y": 3.911579923127519,
        "Yb": 3.8799207236777082,
        "Zn": 3.013613176721371,
        "Zr": 3.4821943712795
    },
    "Diamond": {
        "Ac": 7.709615017756996,
        "Ag": 5.931553101563064,
        "Al": 5.948384494106786,
        "Am": 5.281832597295976,
        "Ar": 7.835371545291064,
        "As": 5.9621339304682905,
        "At": 7.823949429375887,
        "Au": 5.953248614507189,
        "B": 4.002074433007116,
        "Ba": 7.281528175729591,
        "Be": 4.824907816791668,
        "Bi": 7.102665967725966,
        "Bk": 5.29107573162748,
        "Br": 6.721789638423482,
        "C": 3.532330251800108,
        "Ca": 8.265332214821273,
        "Cd": 6.313410632410402,
        "Ce": 6.0960682084397515,
        "Cf": 5.364606582838654,
        "Cl": 6.182599369813821,
        "Cm": 5.257920189091021,
        "Co": 4.787812172849934,
        "Cr": 4.939101986103658,
        "Cs": 10.792912730907979,
        "Cu": 5.149943929978556,
        "Dy": 5.429438044741553,
        "Er": 5.661832608237394,
        "Es": 5.508786348497389,
        "Eu": 5.3361893681041055,
        "F": 4.650895789558955,
        "Fe": 4.753431489249712,
        "Fm": 5.777226611115184,
        "Fr": 10.834957005532285,
        "Ga": 5.678313412274278,
        "Gd": 5.335989624155711,
        "Ge": 5.623395308376586,
        "H": 2.989751980424818,
        "He": 5.490154108769448,
        "Hf": 6.221370387897601,
        "Hg": 6.442369149283982,
        "Ho": 5.520930263872456,
        "I": 7.547622393366776,
        "In": 6.464772944458574,
        "Ir": 5.476557029169584,
        "K": 9.163412405791796,
        "Kr": 8.467781994879914,
        "La": 6.517021942448606,
        "Li": 5.697708022259303,
        "Lr": 7.178107020565086,
        "Lu": 6.877252271088785,
        "Md": 6.480885197959719,
        "Mg": 6.696726147254217,
        "Mn": 4.830062903351495,
        "Mo": 5.569427629064339,
        "N": 4.092509319279886,
        "Na": 7.294603241647859,
        "Nb": 5.753517658603034,
        "Nd": 5.609252358310809,
        "Ne": 6.069886303076359,
        "Ni": 4.933708686666993,
        "No": 8.69598357338394,
        "Np": 5.475125386609818,
        "O": 4.290037079510364,
        "Os": 5.473178872247247,
        "P": 5.344259112000768,
        "Pa": 6.116627467593316,
        "Pb": 6.829735100841234,
        "Pd": 5.616437431949386,
        "Pm": 5.447793198271317,
        "Po": 7.2997892202497745,
        "Pr": 5.817805370795975,
        "Pt": 5.647039162417641,
        "Pu": 5.353669638561154,
        "Ra": 10.328021321007327,
        "Rb": 9.851761245919466,
        "Re": 5.561073165456442,
        "Rh": 5.39068019852333,
        "Rn": 9.594487866828816,
        "Ru": 5.3571604003825986,
        "S": 5.634889686397498,
        "Sb": 6.8144977581087325,
        "Sc": 5.98356357543997,
        "Se": 6.16943363753792,
        "Si": 5.401141468524144,
        "Sm": 5.372666577571827,
        "Sn": 6.4741826644052916,
        "Sr": 9.23054171052021,
        "Ta": 5.929127426968436,
        "Tb": 5.369424048785466,
        "Tc": 5.4426061762120455,
        "Te": 7.002542078898791,
        "Th": 6.89622885573787,
        "Ti": 5.346236955996206,
        "Tl": 6.74793200485374,
        "Tm": 5.928367618833726,
        "U": 5.73783999700361,
        "V": 5.095484155163734,
        "W": 5.710038227118094,
        "Xe": 9.34132743410313,
        "Y": 6.635292142002935,
        "Yb": 8.093591604557187,
        "Zn": 5.552198530827908,
        "Zr": 6.052655874904584
    },
    "FCC": {
        "Ac": 5.460980511363053,
        "Ag": 4.001449863672645,
        "Al": 3.983728368949387,
        "Am": 3.990148983660609,
        "Ar": 4.938485406578078,
        "As": 4.169905681639512,
        "At": 5.185783718510853,
        "Au": 4.048819066632949,
        "B": 2.835288940290826,
        "Ba": 5.984877779875823,
        "Be": 3.1060338494412485,
        "Bi": 4.905794520579294,
        "Bk": 4.009341050374788,
        "Br": 4.5055833357035135,
        "C": 3.015422664538147,
        "Ca": 5.338127298683302,
        "Cd": 4.305870672002329,
        "Ce": 4.520155445810433,
        "Cf": 4.071022319682887,
        "Cl": 4.168783007654107,
        "Cm": 3.9851015723764203,
        "Co": 3.372534406171497,
        "Cr": 3.544733816707924,
        "Cs": 7.281973355695704,
        "Cu": 3.517990255098105,
        "Dy": 4.614338221766953,
        "Er": 4.79956968929915,
        "Es": 4.179854171681549,
        "Eu": 4.213407715787528,
        "F": 3.2273536382223025,
        "Fe": 3.37378789977402,
        "Fm": 4.35985351658886,
        "Fr": 7.228565369940719,
        "Ga": 4.092390808479813,